<?xml version="1.0" encoding="UTF-8"?>
<izliteconfiguration>
  <meta formatversion="400" />
  <tech periode="45" />
  <show name="tstmedia" shdate="2023/07/02" shrevision="2025/07/01 09:31:31" />
  <comment>Test des media</comment>
  <GUIcfg>
    <FrameLive locx="400" locy="159" width="1145" height="692" />
    <FrameErreur locx="1" locy="11" width="666" height="970" />
    <FrameObjex locx="1162" locy="28" width="739" height="1030" />
  </GUIcfg>
  <universes>
    <univers num="0" lib="Univers_Zéro">
      <widget widgetmodel="bouchon" name="widget_bouchon" />
    </univers>
  </universes>
  <PRM>
    <parametre name="INIT.SEQUENCE" value="" />
    <parametre name="AUDIO.TargetInterfaceIndex" value="-1" />
    <parametre name="PERIODE" value="65" />
    <parametre name="INIT.BPM" value="120.0" />
    <parametre name="INIT.MODEEXECUTION" value="Preparation" />
    <parametre name="INIT.MEMOIRE" value="M00_Init" />
    <parametre name="AUDIO.SoundAnalyzerClass" value="aucun" />
    <parametre name="AUDIO.SourceInterfaceIndex" value="-1" />
  </PRM>
  <variables>
    <var name="@Exemple" value="20151113.190017" />
  </variables>
  <pilotes>
    <pilote classe="Pilote_D" label="G1" mastercolor="RGBFFFFFF" itfbgcolor="RGB888888" etat="dimmer=0" commentaire="premier" decaleihm="-6" pilmode="MODE_AUTO" sendevent="false" />
    <pilote classe="Pilote_D" label="G2" mastercolor="RGBFF0000" itfbgcolor="RGB888888" etat="dimmer=0" commentaire="G2" decaleihm="-6" pilmode="MODE_AUTO" sendevent="false" />
    <pilote classe="Pilote_D" label="G3" mastercolor="RGB0000FF" itfbgcolor="RGB888888" etat="dimmer=0" commentaire="G3" decaleihm="-6" pilmode="MODE_AUTO" sendevent="false" />
    <pilote classe="Pilote_D" label="G4" mastercolor="RGB00FF00" itfbgcolor="RGB888888" etat="dimmer=0" commentaire="G4" decaleihm="-6" pilmode="MODE_AUTO" sendevent="false" />
    <pilote classe="Pilote_D" label="G5" mastercolor="RGBFFFF00" itfbgcolor="RGB888888" etat="dimmer=0" commentaire="G5" decaleihm="-6" pilmode="MODE_AUTO" sendevent="false" />
    <pilote classe="Pilote_D" label="G6" mastercolor="RGB00FFFF" itfbgcolor="RGB888888" etat="dimmer=0" commentaire="G6" decaleihm="90" pilmode="MODE_AUTO" sendevent="false" />
    <pilote classe="Pilote_PlayClip2" label="P2" mastercolor="RGBFFFFFF" itfbgcolor="RGB77AA22" etat="dimmer=180" commentaire="PlayClip2" decaleihm="50" pilmode="MODE_AUTO" sendevent="false" />
  </pilotes>
  <groupespilotes>
    <groupil gid="10" label="play" actif="n" ligne="0">
      <pilote nom="P0" />
      <pilote nom="P1" />
      <pilote nom="P2" />
    </groupil>
    <groupil gid="20" label="grada" actif="n" ligne="0">
      <pilote nom="G1" />
      <pilote nom="G2" />
      <pilote nom="G3" />
      <pilote nom="G4" />
      <pilote nom="G5" />
      <pilote nom="G6" />
    </groupil>
  </groupespilotes>
  <fixtures />
  <memoires>
    <memoire memid="0" nom="BLEU_NUIT_1" seretat="E1:dimmer=196,red=0,green=0,blue=255,strobe=0!E2:dimmer=196,red=0,green=0,blue=255,strobe=0!E3:dimmer=196,red=0,green=0,blue=255,strobe=0!E4:dimmer=196,red=0,green=0,blue=255,strobe=0!G1:dimmer=5!G2:dimmer=0!G3:dimmer=5!G4:dimmer=0!G5:dimmer=0!G6:dimmer=0" sliderparams="0:841" />
    <memoire memid="1" nom="G105" seretat="G1:dimmer=105!G2:dimmer=105!G3:dimmer=105!G4:dimmer=105!G5:dimmer=105!G6:dimmer=105" sliderparams="" />
    <memoire memid="2" nom="G155" seretat="G1:dimmer=155!G2:dimmer=155!G3:dimmer=155!G4:dimmer=155!G5:dimmer=155!G6:dimmer=155" sliderparams="" />
    <memoire memid="3" nom="G205" seretat="G1:dimmer=205!G2:dimmer=205!G3:dimmer=205!G4:dimmer=205!G5:dimmer=205!G6:dimmer=205" sliderparams="" />
    <memoire memid="4" nom="G255" seretat="G1:dimmer=255!G2:dimmer=255!G3:dimmer=255!G4:dimmer=255!G5:dimmer=255!G6:dimmer=255" sliderparams="" />
    <memoire memid="5" nom="M00_Init" seretat="G1:dimmer=110!G2:dimmer=110!G3:dimmer=110!G4:dimmer=110!G5:dimmer=110!G6:dimmer=110" sliderparams="" />
    <memoire memid="6" nom="MP_Explic" seretat="Y1:pan16=43912,tilt16=10760,cw=7!Y2:pan16=43912,tilt16=9420,cw=7!Y3:pan16=43361,tilt16=9420,cw=7!Y4:pan16=42670,tilt16=10280,cw=7" sliderparams="0:1849" />
    <memoire memid="7" nom="S1" seretat="G1:dimmer=255!G2:dimmer=0!G3:dimmer=0!G4:dimmer=0!G5:dimmer=0!G6:dimmer=0" sliderparams="0:100" />
    <memoire memid="8" nom="S2" seretat="G1:dimmer=0!G2:dimmer=255!G3:dimmer=0!G4:dimmer=0!G5:dimmer=0!G6:dimmer=0" sliderparams="0:100" />
    <memoire memid="9" nom="S3" seretat="G1:dimmer=0!G2:dimmer=0!G3:dimmer=255!G4:dimmer=0!G5:dimmer=0!G6:dimmer=0" sliderparams="0:100" />
    <memoire memid="10" nom="S4" seretat="G1:dimmer=0!G2:dimmer=0!G3:dimmer=0!G4:dimmer=255!G5:dimmer=0!G6:dimmer=0" sliderparams="0:100" />
    <memoire memid="11" nom="S5" seretat="G1:dimmer=0!G2:dimmer=0!G3:dimmer=0!G4:dimmer=0!G5:dimmer=255!G6:dimmer=0" sliderparams="0:100" />
    <memoire memid="12" nom="S6" seretat="G1:dimmer=0!G2:dimmer=0!G3:dimmer=0!G4:dimmer=0!G5:dimmer=0!G6:dimmer=255" sliderparams="0:100" />
    <memoire memid="13" nom="VERT01" seretat="E1:dimmer=255,red=64,green=255,blue=0,strobe=0!E2:dimmer=153,red=255,green=255,blue=255,strobe=0!E3:dimmer=255,red=64,green=255,blue=0,strobe=0!E4:dimmer=255,red=64,green=255,blue=0,strobe=0" sliderparams="0:1225" />
    <memoire memid="14" nom="VERT02" seretat="E1:dimmer=0,red=64,green=255,blue=0,strobe=0!E2:dimmer=255,red=64,green=255,blue=0,strobe=0!E3:dimmer=47,red=64,green=255,blue=0,strobe=0!E4:dimmer=206,red=255,green=192,blue=0,strobe=0!G1:dimmer=0!G2:dimmer=255!G3:dimmer=191!G4:dimmer=125!G5:dimmer=0!G6:dimmer=0" sliderparams="0:1156" />
    <memoire memid="15" nom="VERT03" seretat="E1:dimmer=96,red=255,green=192,blue=0,strobe=0!E2:dimmer=185,red=0,green=255,blue=0,strobe=0!E3:dimmer=47,red=255,green=128,blue=0,strobe=0!G1:dimmer=0!G2:dimmer=0!G3:dimmer=0!G4:dimmer=0!G5:dimmer=0!G6:dimmer=0!X4:dimmer=150,red=254,green=0,amber=0,blue=0,strobe=0!Y1:dimmer=255,strobe=0,pan16=32000,tilt16=32000,speed=154,cw=40,rgw=0,rs=128,sw=0,focus=238,prism=0,intern1=0!Y2:dimmer=255,strobe=0,pan16=32000,tilt16=32000,speed=154,cw=40,rgw=0,rs=128,sw=0,focus=238,prism=0,intern1=0" sliderparams="" />
    <memoire memid="16" nom="VERT04" seretat="E1:dimmer=205,red=64,green=255,blue=0,strobe=0!E2:dimmer=249,red=255,green=0,blue=64,strobe=0!E3:dimmer=169,red=0,green=255,blue=0,strobe=0!G1:dimmer=0!G2:dimmer=0!G3:dimmer=0!G4:dimmer=0!G5:dimmer=0!G6:dimmer=0!X4:dimmer=150,red=254,green=0,amber=0,blue=0,strobe=0!Y1:dimmer=255,strobe=0,pan16=32000,tilt16=32000,speed=154,cw=40,rgw=0,rs=128,sw=0,focus=238,prism=0,intern1=0!Y2:dimmer=255,strobe=0,pan16=32000,tilt16=32000,speed=154,cw=40,rgw=0,rs=128,sw=0,focus=238,prism=0,intern1=0" sliderparams="" />
    <memoire memid="17" nom="archivert" seretat="E1:dimmer=255,red=64,green=255,blue=0,strobe=0!E2:dimmer=255,red=64,green=255,blue=0,strobe=0!E3:dimmer=255,red=64,green=255,blue=0,strobe=0!E4:dimmer=255,red=64,green=255,blue=0,strobe=0!G1:dimmer=8!G2:dimmer=209!G3:dimmer=0!G4:dimmer=7!G5:dimmer=0!G6:dimmer=0" sliderparams="0:1296" />
  </memoires>
  <sequences>
    <dossier nom="DS0_Outils">
      <sequence nom="ChaseIm" commentaire="{ etat, delai, sliderparam, pil*}">
        <source># modifie un etat complexe pour N pilotes

GLOBAL etat=$ARG1
GLOBAL delai=$ARG2
GLOBAL sp=$ARG3
GLOBAL NbPilotes:= ($ARGC - 3)

   for i=1 to $NbPilotes

	set idxpar := $i+3
	set pil::='\$ARG$idxpar'
	
	setetat $pil $etat $sp
        pause $delai

   next i
RETURN</source>
      </sequence>
      <sequence nom="MultiFlash12" commentaire=" sur 12 { delai periode }">
        <source># MultiFlash sur L1-L6

SET delai=$ARG1
SET periode=$ARG2

SUBMIT @Flash L1 $delai $periode
SUBMIT @Flash L2 $delai $periode
SUBMIT @Flash L3 $delai $periode
SUBMIT @Flash L4 $delai $periode
SUBMIT @Flash L5 $delai $periode
SUBMIT @Flash L6 $delai $periode

SUBMIT @Flash S1 $delai $periode
SUBMIT @Flash S2 $delai $periode
SUBMIT @Flash S3 $delai $periode
SUBMIT @Flash S4 $delai $periode
SUBMIT @Flash S5 $delai $periode
SUBMIT @Flash S6 $delai $periode</source>
      </sequence>
      <sequence nom="MultiFlash12d" commentaire=" sur 12 { delai periode duree}">
        <source># MultiFlash sur L1-L6

SET delai=$ARG1
SET periode=$ARG2
SET duree=$ARG3

SUBMIT @Flash L1 $delai $periode
SUBMIT @Flash L2 $delai $periode
SUBMIT @Flash L3 $delai $periode
SUBMIT @Flash L4 $delai $periode
SUBMIT @Flash L5 $delai $periode
SUBMIT @Flash L6 $delai $periode

SUBMIT @Flash S1 $delai $periode
SUBMIT @Flash S2 $delai $periode
SUBMIT @Flash S3 $delai $periode
SUBMIT @Flash S4 $delai $periode
SUBMIT @Flash S5 $delai $periode
SUBMIT @Flash S6 $delai $periode
PAUSE  $duree
call @Kill  @ALLSUB
return</source>
      </sequence>
      <sequence nom="MultiFlash12e" commentaire=" sur 12 { delai periode duree}">
        <source># MultiFlash sur L1-L6

SET delai=$ARG1
SET periodeA=$ARG2
SET duree=$ARG3
SET periodeB:=$periodeA+5
SET periodeC:=$periodeA+11

SUBMIT @Flash L1 $delai $periodeA
SUBMIT @Flash L2 $delai $periodeA
SUBMIT @Flash L3 $delai $periodeB
SUBMIT @Flash L4 $delai $periodeB
SUBMIT @Flash L5 $delai $periodeC
SUBMIT @Flash L6 $delai $periodeC

SUBMIT @Flash S1 $delai $periodeA
SUBMIT @Flash S2 $delai $periodeA
SUBMIT @Flash S3 $delai $periodeB
SUBMIT @Flash S4 $delai $periodeB
SUBMIT @Flash S5 $delai $periodeC
SUBMIT @Flash S6 $delai $periodeC
PAUSE  $duree
call @Kill  @ALLSUB
return</source>
      </sequence>
      <sequence nom="chaseAttrBPM" commentaire="chaseAttrBPM{ attr, valeur, BPMx, dimmer, listePilotes }">
        <source># déploie progressivement un attribut sur des pilotes, cadence BPM
# 
#   appel :   chaseAttrBPM  attribut  valeur BPMx  liste_de_pilotes


GLOBAL attribut=$ARG1
GLOBAL valeur=$ARG2
GLOBAL evt=$ARG3
GLOBAL NbPilotes:= ($ARGC - 3)

for i=1 to $NbPilotes
	waitevt $evt
	set idxpar := $i+3
	set pil::='\$ARG$idxpar'
	setAttrib $pil  $attribut $valeur   

next i

return</source>
      </sequence>
      <sequence nom="chaseAttrDelai" commentaire="chaseAttrDelai{ attr, valeur, delai, listePilotes }">
        <source># déploie progressivement un attribut sur des pilotes, cadence delai
# 
#   appel :   chaseAttrBPM  attribut  valeur delai  liste_de_pilotes


GLOBAL attribut=$ARG1
GLOBAL valeur=$ARG2
GLOBAL delai=$ARG3
GLOBAL NbPilotes:= ($ARGC - 3)

for i=1 to $NbPilotes
	set idxpar := $i+3
	set pil::='\$ARG$idxpar'
	
	
	setAttrib $pil  $attribut $valeur   
	pause $delai
next i

return</source>
      </sequence>
      <sequence nom="chaseColor" commentaire="chaseColor{ couleur, delai, listePilotes }">
        <source># dépploie progressivement la couleur
# pour N pilotes et s'arrete


GLOBAL couleur=$ARG1
GLOBAL delai=$ARG2
GLOBAL NbPilotes:= ($ARGC - 2)

   for i=1 to $NbPilotes
	set idxpar := $i+2
	set pil::='\$ARG$idxpar'
	
	setcolor  $pil  $couleur
	pause $delai
   next i
RETURN</source>
      </sequence>
      <sequence nom="chaseColorDim" commentaire="chaseColor{ couleur, delai, slider, dimmer, listePilotes }">
        <source># dépploie progressivement la couleur
# pour N pilotes et s'arrete


GLOBAL couleur=$ARG1
GLOBAL delai=$ARG2
GLOBAL slider=$ARG3
GLOBAL dim=$ARG4
GLOBAL NbPilotes:= ($ARGC - 4)

   for i=1 to $NbPilotes
	set idxpar := $i+4
	set pil::='\$ARG$idxpar'
	
	setcolor  $pil  $couleur  $slider
	setAttrib $pil  'dimmer'   $dim
	pause $delai
   next i
RETURN</source>
      </sequence>
      <sequence nom="chaseColorSld" commentaire="chaseColor{ couleur, delai, slider, listePilotes }">
        <source># dépploie progressivement la couleur
# pour N pilotes et s'arrete


GLOBAL couleur=$ARG1
GLOBAL delai=$ARG2
GLOBAL NbPilotes:= ($ARGC - 3)
GLOBAL slider=$ARG3

   for i=1 to $NbPilotes
	set idxpar := $i+3
	set pil::='\$ARG$idxpar'
	
	setcolor  $pil  $couleur  $slider
	pause $delai
   next i
RETURN</source>
      </sequence>
      <sequence nom="chaseDimmer" commentaire="chaseDimmer{ valeur, delai, listePilotes }">
        <source># dépploie progressivement le Dimmer
# pour N pilotes et s'arrete


GLOBAL valeur=$ARG1
GLOBAL delai=$ARG2
GLOBAL NbPilotes:= ($ARGC - 2)

   for i=1 to $NbPilotes
	set idxpar := $i+2
	set pil::='\$ARG$idxpar'
	
	setattrib  $pil dimmer $valeur
	pause $delai
   next i
RETURN</source>
      </sequence>
      <sequence nom="cyRecBpmSld" commentaire="#  ( BPMx , Memoire* )">
        <source>#  ( BPMx , Memoire+Slider* )

# cycle des memoires en rythme


set EVT=$ARG1
shiftargs


loop
	for k=1 to $ARGC step 2
	  set mem ::= '\$ARG'+'$k'  
	  set kp1 := $k + 1
          set sld ::= '\$ARG'+'$kp1'  
	  recallmem  $mem  $sld
	  waitevt $EVT
	next k
until 0
return</source>
      </sequence>
      <sequence nom="deployDimmer2" commentaire="deployDimmer{ valeur, delai, listePilotes }">
        <source># dépploie d'un coup le Dimmer
# pour N pilotes et s'arrete

# idem chaseDimmer sans la pause

GLOBAL valeur=$ARG1
GLOBAL delai=$ARG2
GLOBAL NbPilotes:= ($ARGC - 2)

   for i=1 to $NbPilotes
	set idxpar := $i+2
	set pil::='\$ARG$idxpar'
	
	setattrib  $pil dimmer $valeur

   next i
RETURN</source>
      </sequence>
      <sequence nom="deployFlash" commentaire="deploie flash {  delai, periode, listePilotes } ">
        <source># deploie flash {  delai, periode, listePilotes } 

# déploie un flash
# pour N pilotes et s'arrete


GLOBAL delai=$ARG1
GLOBAL periode=$ARG2
GLOBAL NbPilotes:= ($ARGC - 2)

   for i=1 to $NbPilotes
	set idxpar := $i+2
	set pil::='\$ARG$idxpar'
	
	submit @Flash  $pil $delai $periode
   next i
RETURN</source>
      </sequence>
      <sequence nom="dimlyre" commentaire="xxx">
        <source># modifie les dimmer des 4 lyres

# un seul param : la valeur du dimmer

setattrib Y1 dimmer $ARG1
setattrib Y2 dimmer $ARG1
setattrib Y3 dimmer $ARG1
setattrib Y4 dimmer $ARG1
return</source>
      </sequence>
      <sequence nom="dimlyre0" commentaire="xxx">
        <source># met a zero les dimmer des 4 lyres


setattrib Y1 dimmer $ARG1
setattrib Y2 dimmer $ARG1
setattrib Y3 dimmer $ARG1
setattrib Y4 dimmer $ARG1
return</source>
      </sequence>
      <sequence nom="switch10_SE" commentaire="switch les S et les E">
        <source># source

PUSHetat E1
PUSHetat E1
PUSHetat S2
POPetat  E1
POPetat  S1
POPetat  S2

PUSHetat S3
PUSHetat E2
POPETAT  S3
POPetat  E2


PUSHetat S4
PUSHetat E3
POPETAT  S4
POPetat  E3

PUSHetat E4
PUSHetat E4
PUSHetat S3
POPetat  E4
POPetat  S4
POPetat  S3</source>
      </sequence>
    </dossier>
    <dossier nom="LyrePGM">
      <sequence nom="LyrColor2CW" commentaire="Convertit une couleur en code ColorWheel">
        <source># source

SET COULEUR := getAttribForPilote('color', 'V1' )

call @Affiche "Couleur=$COULEUR"</source>
      </sequence>
      <sequence nom="PgmLyresY14" commentaire="Programmes de Lyre  { nomDuPgm , parametre1}">
        <source># programme pour animer les lyres TMH60 Y1 a Y4

GLOBAL NomPGM = $ARG1
GLOBAL PrmPGM = $ARG2

# liste des pilotes
GLOBAL PILYRES  = "Y1 Y2 Y3 Y4"



call INIT_TMH60


call @Affiche "Appel programme $NomPGM( $PrmPGM )"
call $NomPGM $PrmPGM

RETURN

#----------------------------------------------------

SUBROUTINE INIT_TMH60

# color wheel
GLOBAL  TMH60_cw_white = 0
GLOBAL  TMH60_cw_blue = 17
GLOBAL  TMH60_cw_lightgreen = 33
GLOBAL  TMH60_cw_rose = 49
GLOBAL  TMH60_cw_lightyellow = 65
GLOBAL  TMH60_cw_darkblue = 81
GLOBAL  TMH60_cw_green = 97
GLOBAL  TMH60_cw_red = 113
GLOBAL  TMH60_cw_rainbow_fslow = 180
GLOBAL  TMH60_cw_rainbow_ffast = 140

# rotating gobo wheel
GLOBAL TMH60_rgw_open = 10 
GLOBAL TMH60_rgw_3pts = 30
GLOBAL TMH60_rgw_croix = 50
GLOBAL TMH60_rgw_fleur = 70
GLOBAL TMH60_rgw_triskel = 90
GLOBAL TMH60_rgw_triangle = 110
GLOBAL TMH60_rgw_soleil = 120
GLOBAL TMH60_rgw_rotFast150 = 150
GLOBAL TMH60_rgw_rotSlow190= 190
GLOBAL TMH60_rgw_rotbackSlow200 = 200
GLOBAL TMH60_rgw_rotBackFast240 = 240


# rotation speed
GLOBAL TMH60_rs_stop = 0
GLOBAL TMH60_rs_FFFast = 20
GLOBAL TMH60_rs_FFast = 50
GLOBAL TMH60_rs_Fmid = 75
GLOBAL TMH60_rs_FSlow = 95
GLOBAL TMH60_rs_FSSlow = 105
GLOBAL TMH60_rs_BSSlow = 130
GLOBAL TMH60_rs_BSSlow = 150
GLOBAL TMH60_rs_Bmid = 180
GLOBAL TMH60_rs_BFast = 200
GLOBAL TMH60_rs_BFFast = 220


# static wheel
GLOBAL TMH60_sw_open = 0
GLOBAL TMH60_sw_multiPts = 10
GLOBAL TMH60_sw_tissage = 15
GLOBAL TMH60_sw_tripleCouronne = 25
GLOBAL TMH60_sw_rayures = 30
GLOBAL TMH60_sw_cartes = 40
GLOBAL TMH60_sw_ballon = 45
GLOBAL TMH60_sw_etoile8 = 50
GLOBAL TMH60_sw_spirale = 60
GLOBAL TMH60_sw_gobo8s = 68
GLOBAL TMH60_sw_gobo7s = 75
GLOBAL TMH60_sw_gobo6s = 82
GLOBAL TMH60_sw_gobo5s = 89
GLOBAL TMH60_sw_gobo4s = 96
GLOBAL TMH60_sw_gobo3s = 103
GLOBAL TMH60_sw_gobo2s = 110
GLOBAL TMH60_sw_gobo1s = 117


# channel 07 : focus
GLOBAL TMH60_focus = 250

# channel 08 : prism
GLOBAL TMH60_prism_open  = 0
GLOBAL TMH60_prism_static  = 40
GLOBAL TMH60_prism_SSlow  = 60
GLOBAL TMH60_prism_Slow  = 100
GLOBAL TMH60_prism_Mid  = 150
GLOBAL TMH60_prism_Fast  = 200
GLOBAL TMH60_prism_FFast  = 250


# channel 09 : strobe
GLOBAL TMH60_strobe_open  = 0
GLOBAL TMH60_strobe_fix1  = 40
GLOBAL TMH60_strobe_fix2  = 80
GLOBAL TMH60_strobe_fix3  = 120
GLOBAL TMH60_strobe_fix4  = 160
GLOBAL TMH60_strobe_fix5  = 199
GLOBAL TMH60_strobe_rnd1  =  210
GLOBAL TMH60_strobe_rnd2  =  220
GLOBAL TMH60_strobe_rnd3  =  230 
GLOBAL TMH60_strobe_rnd4  =  240
GLOBAL TMH60_strobe_rnd5  =  250



RETURN


#--------------- PGM01 ------------------
SUBROUTINE PGM01
call @Affiche "ici pgm01,  arg=$ARG1"
CALL $ARG1
CALL IT01 $TMH60_cw_white  $TMH60_cw_blue
RETURN

#--------------- PGM02 -----------------------------------------------
SUBROUTINE PGM02
CALL $ARG1
CALL IT02 $TMH60_cw_lightyellow  $TMH60_cw_rose
RETURN



#--------------- PGM03 -----------------------------------------------
SUBROUTINE PGM03
CALL $ARG1
CALL IT03 $TMH60_cw_darkblue  $TMH60_cw_green
RETURN



#--------------- PGM04 -----------------------------------------------
SUBROUTINE PGM04
CALL $ARG1
CALL IT04 $TMH60_cw_blue  $TMH60_cw_lightgreen
RETURN


#--------------- PGM05 -----------------------------------------------
SUBROUTINE PGM05
CALL $ARG1
CALL IT05 $TMH60_cw_lightyellow  $TMH60_cw_rose
RETURN


#--------------- PGM06 -----------------------------------------------
SUBROUTINE PGM06
CALL $ARG1
CALL IT06 $TMH60_cw_lightyellow  $TMH60_cw_lightgreen
RETURN



#--------------- PGM21 -----------------------------------------------
SUBROUTINE PGM21
CALL $ARG1
CALL IT01 $TMH60_cw_blue  $TMH60_cw_lightgreen
RETURN


#--------------- PGM22 -----------------------------------------------
SUBROUTINE PGM21
CALL $ARG1
CALL IT02 $TMH60_cw_blue  $TMH60_cw_lightgreen
RETURN

#--------------- PGM23 -----------------------------------------------
SUBROUTINE PGM21
CALL $ARG1
CALL IT03 $TMH60_cw_blue  $TMH60_cw_lightgreen
RETURN

#--------------- PGM24 -----------------------------------------------
SUBROUTINE PGM21
CALL $ARG1
CALL IT04 $TMH60_cw_blue  $TMH60_cw_lightgreen
RETURN

#--------------- PGM25 -----------------------------------------------
SUBROUTINE PGM25
CALL $ARG1
CALL IT05 $TMH60_cw_blue  $TMH60_cw_lightgreen
RETURN

#--------------- PGM26 -----------------------------------------------
SUBROUTINE PGM26
CALL $ARG1
CALL IT06 $TMH60_cw_lightyellow  $TMH60_cw_lightgreen
RETURN


#--------------- PGM50 -----------------------------------------------
SUBROUTINE PGM50
  CALL @BPMsync
  SUBMIT FUZONEdecal MP_ZPISTE   BPM4
  WAITEVT BPM4C
  SUBMIT @ChenillardEvt BPM1  MONO   Y1 Y2 Y3 Y4
RETURN


#--------------- PGM51 -----------------------------------------------
SUBROUTINE PGM51
  CALL @BPMsync
  SUBMIT FUZONEdecal MP_ZPISTE   BPM4
  WAITEVT BPM4C
  SUBMIT @ChenillardEvt BPM1  BI   Y1 Y2 Y3 Y4
RETURN


#--------------- PGM90 -- sans mvt -------------------------
SUBROUTINE PGM90
  call IT99seq  $ARG1 LYCFG_90A LYCFG_90B LYCFG_90A LYCFG_90B
return


#--------------- PGM91 -- sans mvt -------------------------
SUBROUTINE PGM91
# un parametre : evt
  call IT99seq $ARG1 LYCFG_91A LYCFG_91B LYCFG_91C LYCFG_91D
return

#--------------- PGM92 -- sans mvt -------------------------
SUBROUTINE PGM92
# un parametre : evt
  call IT99seq $ARG1 LYCFG_92A LYCFG_92B LYCFG_92A LYCFG_92B
return


#--------------- PGM92 -- sans mvt -------------------------
SUBROUTINE PGM93
# un parametre : evt
  call IT99seq $ARG1 LYCFG_93A LYCFG_93B LYCFG_93C LYCFG_93D
return


#---------------------------------------------------------------------------------
#     IT SUBROUTINES -------------------------------------------------------------
#---------------------------------------------------------------------------------


SUBROUTINE IT01
  #  arg1= couleur1   ,  arg2= couleur2
  SET COULEUR1=$ARG1
  SET COULEUR2=$ARG2
  RECALLMEM MP_FOCUS_RotGobo
Call ChaseIm  "dimmer=255,rgw=$TMH60_rgw_open,cw=$COULEUR1,rs=0,sw=0,prism=0,strobe=0" 0 '0:0'  Y1 Y2 Y3 Y4

LOOP
   WAITEVT BPM8
   Call chaseAttrDelai  cw   $COULEUR2 150  Y1 Y2 Y3 Y4
   WAITEVT BPM8
   Call chaseAttrDelai  cw   $COULEUR1 150  Y1 Y2 Y3 Y4
UNTIL 1&lt;0
RETURN

#---------------------------------------------------------------------------------

SUBROUTINE IT02
  #  arg1= couleur1   ,  arg2= couleur2
  SET COULEUR1=$ARG1
  SET COULEUR2=$ARG2
  RECALLMEM MP_FOCUS_RotGobo
   Call ChaseIm  "dimmer=255,cw=$COULEUR1,rgw=$TMH60_rgw_fleur,rs=0,sw=0,prism=0,strobe=0"  0 '0:0'  Y1 Y2 Y3 Y4

LOOP
   WAITEVT BPM8
   Call chaseAttrDelai  dimmer   0   100  Y1 Y2 Y3 Y4
   WAITEVT BPM1
   Call chaseAttrDelai  cw   $COULEUR2 1  Y1 Y2 Y3 Y4
   Call chaseAttrDelai  dimmer   255   100  Y1 Y2 Y3 Y4
   
   WAITEVT BPM8
   Call chaseAttrDelai  dimmer   0   100  Y1 Y2 Y3 Y4
   WAITEVT BPM1
   Call chaseAttrDelai  cw   $COULEUR1 1  Y1 Y2 Y3 Y4
   Call chaseAttrDelai  dimmer   255   100  Y1 Y2 Y3 Y4

UNTIL 1&lt;0
RETURN

#---------------------------------------------------------------------------------

SUBROUTINE IT03
  #  arg1= couleur1   ,  arg2= couleur2
  SET COULEUR1=$ARG1
  SET COULEUR2=$ARG2
  RECALLMEM MP_FOCUS_RotGobo
Call ChaseIm  "dimmer=255,cw=$COULEUR1,rgw=$TMH60_rgw_triskel,rs=100,sw=0,prism=0,strobe=0"  0 '0:0'  Y1 Y2 Y3 Y4

LOOP
   WAITEVT BPM8
   Call chaseAttrDelai  cw   $COULEUR2 150  Y1  Y3 
    WAITEVT BPM2
    Call chaseAttrDelai  cw   $COULEUR2 150  Y2  Y4
 
   WAITEVT BPM8
   Call chaseAttrDelai  cw   $COULEUR1 150  Y1  Y3 
   WAITEVT BPM2
   Call chaseAttrDelai  cw   $COULEUR1 150  Y2  Y4
UNTIL 1&lt;0
RETURN


#---------------------------------------------------------------------------------

SUBROUTINE IT04
  #  arg1= couleur1   ,  arg2= couleur2
  SET COULEUR1=$ARG1
  SET COULEUR2=$ARG2

  RECALLMEM MP_FOCUS_RotGobo
  call ChaseIm  "dimmer=255,cw=$COULEUR1,rgw=$TMH60_rgw_3pts,rs=100,sw=0,prism=$TMH60_prism_Slow,strobe=0"  0 '0:0'  Y1 Y2 Y3 Y4

LOOP
   WAITEVT BPM2
   Call chaseAttrDelai  cw   $TMH60_cw_white       50  Y4 Y3 Y2 Y1
   WAITEVT BPM2
   Call chaseAttrDelai  cw   $COULEUR2 50  Y1 Y2 Y3 Y4
   WAITEVT BPM2
   Call chaseAttrDelai  cw   $TMH60_cw_white       50  Y4 Y3 Y2 Y1
   WAITEVT BPM2
   Call chaseAttrDelai  cw   $COULEUR1  50  Y1 Y2 Y3 Y4
UNTIL 1&lt;0
RETURN

#---------------------------------------------------------------------------------

SUBROUTINE IT05
  #  arg1= couleur1   ,  arg2= couleur2
  SET COULEUR1=$ARG1
  SET COULEUR2=$ARG2
  call ChaseIm  "dimmer=0,cw=$COULEUR1,rgw=$TMH60_rgw_open,rs=100,sw=$TMH60_sw_ballon,prism=0,strobe=0"  0 '0:0'  Y1 Y2 Y3 Y4

  SUBMIT @ChenillardEvt  BPM4B MONO Y1 Y3 Y2 Y4
LOOP
   WAITEVT BPM4B
   call ChaseIm  "cw=$COULEUR2"  0 '0:0'  Y1 
   WAITEVT BPM1
   call ChaseIm  "cw=$COULEUR2"  0 '0:0'  Y2 
   WAITEVT BPM1
   call ChaseIm  "cw=$COULEUR2"  0 '0:0'  Y3 
   WAITEVT BPM1
   call ChaseIm  "cw=$COULEUR2"  0 '0:0'  Y4 
   WAITEVT BPM4B
   call ChaseIm  "cw=$COULEUR1"  0 '0:0'  Y1 
   WAITEVT BPM1
   call ChaseIm  "cw=$COULEUR1"  0 '0:0'  Y2 
   WAITEVT BPM1
   call ChaseIm  "cw=$COULEUR1"  0 '0:0'  Y3 
   WAITEVT BPM1
   call ChaseIm  "cw=$COULEUR1"  0 '0:0'  Y4 
UNTIL 1&lt;0
RETURN

#---------------------------------------------------------------------------------

SUBROUTINE IT06
  #  arg1= couleur1   ,  arg2= couleur2
  SET COULEUR1=$ARG1
  SET COULEUR2=$ARG2

  RECALLMEM MP_FOCUS_StaticWheel
  call ChaseIm  "dimmer=0,cw=$COULEUR1,rgw=$TMH60_rgw_open,rs=0,sw=$TMH60_sw_multiPts,prism=0,strobe=0"  0 '0:0'  Y1  Y3 
  call ChaseIm  "dimmer=0,cw=$COULEUR2,rgw=$TMH60_rgw_open,rs=0,sw=$TMH60_sw_multiPts,prism=0,strobe=0"  0 '0:0'  Y2  Y4

  SET maperiode:=$@BPMperiode * 4
  SET delta:= ceil( $maperiode / 4) 
  call @Affiche "IT06: periode=$maperiode, delta=$delta"

  SUBMIT @CycleAttrib Y1 dimmer 0  255 $maperiode
  PAUSE $delta
  SUBMIT @CycleAttrib Y2 dimmer 0  255 $maperiode
  PAUSE $delta
  SUBMIT @CycleAttrib Y3 dimmer 0  255 $maperiode
  PAUSE $delta
  SUBMIT @CycleAttrib Y4 dimmer 0  255 $maperiode
 

RETURN

#---------------------------------------------------------------------------------

SUBROUTINE IT07
RETURN

#---------------------------------------------------------------------------------

SUBROUTINE IT08
RETURN

#---------------------------------------------------------------------------------

SUBROUTINE IT09
RETURN

#---------------------------------------------------------------------------------

SUBROUTINE IT99seq
# param : evt + 4 memoires
SET evt=$ARG1

LOOP

   RECALLMEM $ARG2
   WAITEVT $evt
   RECALLMEM $ARG3
   WAITEVT $evt
   RECALLMEM $ARG4
   WAITEVT $evt
   RECALLMEM $ARG5
   WAITEVT $evt

UNTIL 1&lt;0


RETURN


#---------------------------------------------------------------------------------
#     MVTS SUBROUTINES -----------------------------------------------------------
#---------------------------------------------------------------------------------

SUBROUTINE LIS01
  SUBMIT LISSAJ_ZONE   MP_ZETROIT  40000 0
  RETURN

SUBROUTINE LIS02
  SUBMIT LISSAJ_ZONE   MP_ZETROIT  20000 15
  RETURN

SUBROUTINE LIS03
  SUBMIT LISSAJ_ZONE   MP_ZETROIT  10000 18
  RETURN

SUBROUTINE LIS04
  SUBMIT LISSAJ_ZONE   MP_ZETROIT  16000 20
  RETURN

SUBROUTINE LIS05
  SUBMIT LISSAJ_ZONE   MP_ZPISTE  20000 22
  RETURN

SUBROUTINE LIS06
  SUBMIT LISSAJ_ZONE   MP_ZPISTE  15000 20
  RETURN

SUBROUTINE LIS07
  SUBMIT LISSAJ_ZONE   MP_ZPISTE  10000 14
  RETURN

SUBROUTINE LIS08
  SUBMIT LISSAJ_ZONE   MP_ZPISTE  16000 27
  RETURN

SUBROUTINE LIS09
  SUBMIT LISSAJ_ZONE   MP_ZAERIEN  20000 20
  RETURN

SUBROUTINE LIS10
  SUBMIT LISSAJ_ZONE   MP_ZAERIEN  15000 20
  RETURN

SUBROUTINE LIS11
  SUBMIT LISSAJ_ZONE   MP_ZAERIEN  10000 20
  RETURN

SUBROUTINE LIS12
  SUBMIT LISSAJ_ZONE   MP_ZAERIEN  16000 12
  RETURN


SUBROUTINE FUZ1E
  SUBMIT FUZONE MP_ZETROIT   BPM1
  RETURN
SUBROUTINE FUZ1P
  SUBMIT FUZONE MP_ZPISTE   BPM1
  RETURN
SUBROUTINE FUZ1A
  SUBMIT FUZONE MP_ZAERIEN   BPM1
  RETURN
SUBROUTINE FUZ2E
  SUBMIT FUZONE MP_ZETROIT   BPM2
  RETURN
SUBROUTINE FUZ2P
  SUBMIT FUZONE MP_ZPISTE   BPM2
  RETURN
SUBROUTINE FUZ2A
  SUBMIT FUZONE MP_ZAERIEN   BPM2
  RETURN
SUBROUTINE FUZ4E
  SUBMIT FUZONE MP_ZETROIT   BPM4
  RETURN
SUBROUTINE FUZ4P
  SUBMIT FUZONE MP_ZPISTE   BPM4
  RETURN
SUBROUTINE FUZ4A
  SUBMIT FUZONE MP_ZAERIEN   BPM4
  RETURN
SUBROUTINE FUZ8E
  SUBMIT FUZONE MP_ZETROIT   BPM8
  RETURN
SUBROUTINE FUZ8P
  SUBMIT FUZONE MP_ZPISTE   BPM8
  RETURN
SUBROUTINE FUZ8A
  SUBMIT FUZONE MP_ZAERIEN   BPM8
  RETURN</source>
      </sequence>
      <sequence nom="PgmLyresY14_dup" commentaire="Programmes de Lyre  { nomDuPgm , parametre1}">
        <source># programme pour animer les lyres TMH60 Y1 a Y4

GLOBAL NomPGM = $ARG1
GLOBAL PrmPGM = $ARG2

# liste des pilotes
GLOBAL PILYRES  = "Y1 Y2 Y3 Y4"



call INIT_TMH60


call @Affiche "Appel programme $NomPGM"
call $NomPGM

RETURN

#----------------------------------------------------

SUBROUTINE INIT_TMH60

# color wheel
GLOBAL  TMH60_cw_white = 0
GLOBAL  TMH60_cw_blue = 17
GLOBAL  TMH60_cw_lightgreen = 33
GLOBAL  TMH60_cw_rose = 49
GLOBAL  TMH60_cw_lightyellow = 65
GLOBAL  TMH60_cw_darkblue = 81
GLOBAL  TMH60_cw_green = 97
GLOBAL  TMH60_cw_red = 113
GLOBAL  TMH60_cw_rainbow_fslow = 180
GLOBAL  TMH60_cw_rainbow_ffast = 140

# rotating gobo wheel
GLOBAL TMH60_rgw_open = 10 
GLOBAL TMH60_rgw_3pts = 30
GLOBAL TMH60_rgw_croix = 50
GLOBAL TMH60_rgw_fleur = 70
GLOBAL TMH60_rgw_triskel = 90
GLOBAL TMH60_rgw_triangle = 110
GLOBAL TMH60_rgw_soleil = 120
GLOBAL TMH60_rgw_rotFast150 = 150
GLOBAL TMH60_rgw_rotSlow190= 190
GLOBAL TMH60_rgw_rotbackSlow200 = 200
GLOBAL TMH60_rgw_rotBackFast240 = 240


# rotation speed
GLOBAL TMH60_rs_stop = 0
GLOBAL TMH60_rs_FFFast = 20
GLOBAL TMH60_rs_FFast = 50
GLOBAL TMH60_rs_Fmid = 75
GLOBAL TMH60_rs_FSlow = 95
GLOBAL TMH60_rs_FSSlow = 105
GLOBAL TMH60_rs_BSSlow = 130
GLOBAL TMH60_rs_BSSlow = 150
GLOBAL TMH60_rs_Bmid = 180
GLOBAL TMH60_rs_BFast = 200
GLOBAL TMH60_rs_BFFast = 220


# static wheel
GLOBAL TMH60_sw_open = 0
GLOBAL TMH60_sw_gobo1 = 10
GLOBAL TMH60_sw_gobo2 = 15
GLOBAL TMH60_sw_gobo3 = 25
GLOBAL TMH60_sw_gobo4 = 30
GLOBAL TMH60_sw_gobo5 = 40
GLOBAL TMH60_sw_gobo6 = 45
GLOBAL TMH60_sw_gobo7 = 50
GLOBAL TMH60_sw_gobo8 = 60
GLOBAL TMH60_sw_gobo8s = 68
GLOBAL TMH60_sw_gobo7s = 75
GLOBAL TMH60_sw_gobo6s = 82
GLOBAL TMH60_sw_gobo5s = 89
GLOBAL TMH60_sw_gobo4s = 96
GLOBAL TMH60_sw_gobo3s = 103
GLOBAL TMH60_sw_gobo2s = 110
GLOBAL TMH60_sw_gobo1s = 117


# channel 07 : focus
GLOBAL TMH60_focus = 250

# channel 08 : prism
GLOBAL TMH60_prism_open  = 0
GLOBAL TMH60_prism_static  = 40
GLOBAL TMH60_prism_SSlow  = 60
GLOBAL TMH60_prism_Slow  = 100
GLOBAL TMH60_prism_Mid  = 150
GLOBAL TMH60_prism_Fast  = 200
GLOBAL TMH60_prism_FFast  = 250


# channel 09 : strobe
GLOBAL TMH60_strobe_open  = 0
GLOBAL TMH60_strobe_fix1  = 40
GLOBAL TMH60_strobe_fix2  = 80
GLOBAL TMH60_strobe_fix3  = 120
GLOBAL TMH60_strobe_fix4  = 160
GLOBAL TMH60_strobe_fix5  = 199
GLOBAL TMH60_strobe_rnd1  =  210
GLOBAL TMH60_strobe_rnd2  =  220
GLOBAL TMH60_strobe_rnd3  =  230 
GLOBAL TMH60_strobe_rnd4  =  240
GLOBAL TMH60_strobe_rnd5  =  250



RETURN


#--------------- LIS01 ------------------

SUBROUTINE LIS01

SET varColor=\$TMH60_cw_$PrmPGM
call @Affiche "PGM $NomPGM : color=$varColor"
SET otherColor::=$varColor

SUBMIT LISSAJ_ZONE   MP_ZETROIT  10000 0

Call chaseAttrDelai  dimmer   255            1  Y1 Y2 Y3 Y4
Call chaseAttrDelai  cw       $TMH60_cw_white 1  Y1 Y2 Y3 Y4

LOOP
   WAITEVT BPM2
   Call chaseAttrDelai  cw   $otherColor 1  Y1 Y2 Y3 Y4
   WAITEVT BPM2
   Call chaseAttrDelai  cw   $TMH60_cw_white 1  Y1 Y2 Y3 Y4
UNTIL 1&lt;0
RETURN</source>
      </sequence>
      <sequence nom="PgmLyresY14_dup2" commentaire="Programmes de Lyre  { nomDuPgm , parametre1}">
        <source># programme pour animer les lyres TMH60 Y1 a Y4

GLOBAL NomPGM = $ARG1
GLOBAL PrmPGM = $ARG2

# liste des pilotes
GLOBAL PILYRES  = "Y1 Y2 Y3 Y4"



call INIT_TMH60


call @Affiche "Appel programme $NomPGM( $PrmPGM )"
call $NomPGM $PrmPGM

RETURN

#----------------------------------------------------

SUBROUTINE INIT_TMH60

# color wheel
GLOBAL  TMH60_cw_white = 0
GLOBAL  TMH60_cw_blue = 17
GLOBAL  TMH60_cw_lightgreen = 33
GLOBAL  TMH60_cw_rose = 49
GLOBAL  TMH60_cw_lightyellow = 65
GLOBAL  TMH60_cw_darkblue = 81
GLOBAL  TMH60_cw_green = 97
GLOBAL  TMH60_cw_red = 113
GLOBAL  TMH60_cw_rainbow_fslow = 180
GLOBAL  TMH60_cw_rainbow_ffast = 140

# rotating gobo wheel
GLOBAL TMH60_rgw_open = 10 
GLOBAL TMH60_rgw_3pts = 30
GLOBAL TMH60_rgw_croix = 50
GLOBAL TMH60_rgw_fleur = 70
GLOBAL TMH60_rgw_triskel = 90
GLOBAL TMH60_rgw_triangle = 110
GLOBAL TMH60_rgw_soleil = 120
GLOBAL TMH60_rgw_rotFast150 = 150
GLOBAL TMH60_rgw_rotSlow190= 190
GLOBAL TMH60_rgw_rotbackSlow200 = 200
GLOBAL TMH60_rgw_rotBackFast240 = 240


# rotation speed
GLOBAL TMH60_rs_stop = 0
GLOBAL TMH60_rs_FFFast = 20
GLOBAL TMH60_rs_FFast = 50
GLOBAL TMH60_rs_Fmid = 75
GLOBAL TMH60_rs_FSlow = 95
GLOBAL TMH60_rs_FSSlow = 105
GLOBAL TMH60_rs_BSSlow = 130
GLOBAL TMH60_rs_BSSlow = 150
GLOBAL TMH60_rs_Bmid = 180
GLOBAL TMH60_rs_BFast = 200
GLOBAL TMH60_rs_BFFast = 220


# static wheel
GLOBAL TMH60_sw_open = 0
GLOBAL TMH60_sw_multiPts = 10
GLOBAL TMH60_sw_tissage = 15
GLOBAL TMH60_sw_tripleCouronne = 25
GLOBAL TMH60_sw_rayures = 30
GLOBAL TMH60_sw_cartes = 40
GLOBAL TMH60_sw_ballon = 45
GLOBAL TMH60_sw_etoile8 = 50
GLOBAL TMH60_sw_spirale = 60
GLOBAL TMH60_sw_gobo8s = 68
GLOBAL TMH60_sw_gobo7s = 75
GLOBAL TMH60_sw_gobo6s = 82
GLOBAL TMH60_sw_gobo5s = 89
GLOBAL TMH60_sw_gobo4s = 96
GLOBAL TMH60_sw_gobo3s = 103
GLOBAL TMH60_sw_gobo2s = 110
GLOBAL TMH60_sw_gobo1s = 117


# channel 07 : focus
GLOBAL TMH60_focus = 250

# channel 08 : prism
GLOBAL TMH60_prism_open  = 0
GLOBAL TMH60_prism_static  = 40
GLOBAL TMH60_prism_SSlow  = 60
GLOBAL TMH60_prism_Slow  = 100
GLOBAL TMH60_prism_Mid  = 150
GLOBAL TMH60_prism_Fast  = 200
GLOBAL TMH60_prism_FFast  = 250


# channel 09 : strobe
GLOBAL TMH60_strobe_open  = 0
GLOBAL TMH60_strobe_fix1  = 40
GLOBAL TMH60_strobe_fix2  = 80
GLOBAL TMH60_strobe_fix3  = 120
GLOBAL TMH60_strobe_fix4  = 160
GLOBAL TMH60_strobe_fix5  = 199
GLOBAL TMH60_strobe_rnd1  =  210
GLOBAL TMH60_strobe_rnd2  =  220
GLOBAL TMH60_strobe_rnd3  =  230 
GLOBAL TMH60_strobe_rnd4  =  240
GLOBAL TMH60_strobe_rnd5  =  250



RETURN


#--------------- PGM01 ------------------
SUBROUTINE PGM01
call @Affiche "ici pgm01,  arg=$ARG1"
CALL $ARG1
CALL IT01 $TMH60_cw_white  $TMH60_cw_blue
RETURN

#--------------- PGM02 -----------------------------------------------
SUBROUTINE PGM02
CALL $ARG1
CALL IT02 $TMH60_cw_lightyellow  $TMH60_cw_rose
RETURN



#--------------- PGM03 -----------------------------------------------
SUBROUTINE PGM03
CALL $ARG1
CALL IT03 $TMH60_cw_darkblue  $TMH60_cw_green
RETURN



#--------------- PGM04 -----------------------------------------------
SUBROUTINE PGM04
CALL $ARG1
CALL IT04 $TMH60_cw_blue  $TMH60_cw_lightgreen
RETURN


#--------------- PGM05 -----------------------------------------------
SUBROUTINE PGM05
CALL $ARG1
CALL IT05 $TMH60_cw_lightyellow  $TMH60_cw_rose
RETURN


#--------------- PGM06 -----------------------------------------------
SUBROUTINE PGM06
CALL $ARG1
CALL IT06 $TMH60_cw_lightyellow  $TMH60_cw_lightgreen
RETURN



#--------------- PGM21 -----------------------------------------------
SUBROUTINE PGM21
CALL $ARG1
CALL IT01 $TMH60_cw_blue  $TMH60_cw_lightgreen
RETURN


#--------------- PGM22 -----------------------------------------------
SUBROUTINE PGM21
CALL $ARG1
CALL IT02 $TMH60_cw_blue  $TMH60_cw_lightgreen
RETURN

#--------------- PGM23 -----------------------------------------------
SUBROUTINE PGM21
CALL $ARG1
CALL IT03 $TMH60_cw_blue  $TMH60_cw_lightgreen
RETURN

#--------------- PGM24 -----------------------------------------------
SUBROUTINE PGM21
CALL $ARG1
CALL IT04 $TMH60_cw_blue  $TMH60_cw_lightgreen
RETURN

#--------------- PGM25 -----------------------------------------------
SUBROUTINE PGM25
CALL $ARG1
CALL IT05 $TMH60_cw_blue  $TMH60_cw_lightgreen
RETURN

#--------------- PGM26 -----------------------------------------------
SUBROUTINE PGM26
CALL $ARG1
CALL IT06 $TMH60_cw_lightyellow  $TMH60_cw_lightgreen
RETURN






#---------------------------------------------------------------------------------
#     IT SUBROUTINES -------------------------------------------------------------
#---------------------------------------------------------------------------------


SUBROUTINE IT01
  #  arg1= couleur1   ,  arg2= couleur2
  SET COULEUR1=$ARG1
  SET COULEUR2=$ARG2

Call ChaseIm  "dimmer=255,rgw=$TMH60_rgw_open,cw=$COULEUR1,rs=0,sw=0,prism=0,strobe=0" 0 '0:0'  Y1 Y2 Y3 Y4

LOOP
   WAITEVT BPM8
   Call chaseAttrDelai  cw   $COULEUR2 150  Y1 Y2 Y3 Y4
   WAITEVT BPM8
   Call chaseAttrDelai  cw   $COULEUR1 150  Y1 Y2 Y3 Y4
UNTIL 1&lt;0
RETURN

#---------------------------------------------------------------------------------

SUBROUTINE IT02
  #  arg1= couleur1   ,  arg2= couleur2
  SET COULEUR1=$ARG1
  SET COULEUR2=$ARG2

   Call ChaseIm  "dimmer=255,cw=$COULEUR1,rgw=$TMH60_rgw_fleur,rs=0,sw=0,prism=0,strobe=0"  0 '0:0'  Y1 Y2 Y3 Y4

LOOP
   WAITEVT BPM8
   Call chaseAttrDelai  dimmer   0   100  Y1 Y2 Y3 Y4
   WAITEVT BPM1
   Call chaseAttrDelai  cw   $COULEUR2 1  Y1 Y2 Y3 Y4
   Call chaseAttrDelai  dimmer   255   100  Y1 Y2 Y3 Y4
   
   WAITEVT BPM8
   Call chaseAttrDelai  dimmer   0   100  Y1 Y2 Y3 Y4
   WAITEVT BPM1
   Call chaseAttrDelai  cw   $COULEUR1 1  Y1 Y2 Y3 Y4
   Call chaseAttrDelai  dimmer   255   100  Y1 Y2 Y3 Y4

UNTIL 1&lt;0
RETURN

#---------------------------------------------------------------------------------

SUBROUTINE IT03
  #  arg1= couleur1   ,  arg2= couleur2
  SET COULEUR1=$ARG1
  SET COULEUR2=$ARG2
Call ChaseIm  "dimmer=255,cw=$COULEUR1,rgw=$TMH60_rgw_triskel,rs=100,sw=0,prism=0,strobe=0"  0 '0:0'  Y1 Y2 Y3 Y4

LOOP
   WAITEVT BPM8
   Call chaseAttrDelai  cw   $COULEUR2 150  Y1  Y3 
    WAITEVT BPM2
    Call chaseAttrDelai  cw   $COULEUR2 150  Y2  Y4
 
   WAITEVT BPM8
   Call chaseAttrDelai  cw   $COULEUR1 150  Y1  Y3 
   WAITEVT BPM2
   Call chaseAttrDelai  cw   $COULEUR1 150  Y2  Y4
UNTIL 1&lt;0
RETURN


#---------------------------------------------------------------------------------

SUBROUTINE IT04
  #  arg1= couleur1   ,  arg2= couleur2
  SET COULEUR1=$ARG1
  SET COULEUR2=$ARG2
  call ChaseIm  "dimmer=255,cw=$COULEUR1,rgw=$TMH60_rgw_3pts,rs=100,sw=0,prism=$TMH60_prism_Slow,strobe=0"  0 '0:0'  Y1 Y2 Y3 Y4

LOOP
   WAITEVT BPM2
   Call chaseAttrDelai  cw   $TMH60_cw_white       50  Y4 Y3 Y2 Y1
   WAITEVT BPM2
   Call chaseAttrDelai  cw   $COULEUR2 50  Y1 Y2 Y3 Y4
   WAITEVT BPM2
   Call chaseAttrDelai  cw   $TMH60_cw_white       50  Y4 Y3 Y2 Y1
   WAITEVT BPM2
   Call chaseAttrDelai  cw   $COULEUR1  50  Y1 Y2 Y3 Y4
UNTIL 1&lt;0
RETURN

#---------------------------------------------------------------------------------

SUBROUTINE IT05
  #  arg1= couleur1   ,  arg2= couleur2
  SET COULEUR1=$ARG1
  SET COULEUR2=$ARG2
  call ChaseIm  "dimmer=0,cw=$COULEUR1,rgw=$TMH60_rgw_open,rs=100,sw=$TMH60_sw_ballon,prism=0,strobe=0"  0 '0:0'  Y1 Y2 Y3 Y4

  SUBMIT @Chenillard "MONO  BPM4B"  Y1 Y3 Y2 Y4
LOOP
   WAITEVT BPM4B
   call ChaseIm  "cw=$COULEUR2"  0 '0:0'  Y1 
   WAITEVT BPM1
   call ChaseIm  "cw=$COULEUR2"  0 '0:0'  Y2 
   WAITEVT BPM1
   call ChaseIm  "cw=$COULEUR2"  0 '0:0'  Y3 
   WAITEVT BPM1
   call ChaseIm  "cw=$COULEUR2"  0 '0:0'  Y4 
   WAITEVT BPM4B
   call ChaseIm  "cw=$COULEUR1"  0 '0:0'  Y1 
   WAITEVT BPM1
   call ChaseIm  "cw=$COULEUR1"  0 '0:0'  Y2 
   WAITEVT BPM1
   call ChaseIm  "cw=$COULEUR1"  0 '0:0'  Y3 
   WAITEVT BPM1
   call ChaseIm  "cw=$COULEUR1"  0 '0:0'  Y4 
UNTIL 1&lt;0
RETURN

#---------------------------------------------------------------------------------

SUBROUTINE IT06
  #  arg1= couleur1   ,  arg2= couleur2
  SET COULEUR1=$ARG1
  SET COULEUR2=$ARG2
  call ChaseIm  "dimmer=0,cw=$COULEUR1,rgw=$TMH60_rgw_open,rs=0,sw=$TMH60_sw_multiPts,prism=0,strobe=0"  0 '0:0'  Y1  Y3 
  call ChaseIm  "dimmer=0,cw=$COULEUR2,rgw=$TMH60_rgw_open,rs=0,sw=$TMH60_sw_multiPts,prism=0,strobe=0"  0 '0:0'  Y2  Y4

  SET maperiode:=$@BPMperiode * 4
  SET delta:= ceil( $maperiode / 4) 
  call @Affiche "IT06: periode=$maperiode, delta=$delta"

  SUBMIT @CycleAttrib Y1 dimmer 0  255 $maperiode
  PAUSE $delta
  SUBMIT @CycleAttrib Y2 dimmer 0  255 $maperiode
  PAUSE $delta
  SUBMIT @CycleAttrib Y3 dimmer 0  255 $maperiode
  PAUSE $delta
  SUBMIT @CycleAttrib Y4 dimmer 0  255 $maperiode
 

RETURN

#---------------------------------------------------------------------------------

SUBROUTINE IT07
RETURN

#---------------------------------------------------------------------------------

SUBROUTINE IT08
RETURN

#---------------------------------------------------------------------------------

SUBROUTINE IT09
RETURN

#---------------------------------------------------------------------------------

SUBROUTINE IT10
RETURN


#---------------------------------------------------------------------------------
#     MVTS SUBROUTINES -----------------------------------------------------------
#---------------------------------------------------------------------------------

SUBROUTINE LIS01
  SUBMIT LISSAJ_ZONE   MP_ZETROIT  40000 0
  RETURN

SUBROUTINE LIS02
  SUBMIT LISSAJ_ZONE   MP_ZETROIT  20000 0
  RETURN

SUBROUTINE LIS03
  SUBMIT LISSAJ_ZONE   MP_ZETROIT  10000 0
  RETURN

SUBROUTINE LIS04
  SUBMIT LISSAJ_ZONE   MP_ZETROIT  16000 2
  RETURN

SUBROUTINE LIS05
  SUBMIT LISSAJ_ZONE   MP_ZPISTE  20000 0
  RETURN

SUBROUTINE LIS06
  SUBMIT LISSAJ_ZONE   MP_ZPISTE  15000 0
  RETURN

SUBROUTINE LIS07
  SUBMIT LISSAJ_ZONE   MP_ZPISTE  10000 0
  RETURN

SUBROUTINE LIS08
  SUBMIT LISSAJ_ZONE   MP_ZPISTE  16000 2
  RETURN

SUBROUTINE LIS09
  SUBMIT LISSAJ_ZONE   MP_ZAERIEN  20000 0
  RETURN

SUBROUTINE LIS10
  SUBMIT LISSAJ_ZONE   MP_ZAERIEN  15000 0
  RETURN

SUBROUTINE LIS11
  SUBMIT LISSAJ_ZONE   MP_ZAERIEN  10000 0
  RETURN

SUBROUTINE LIS12
  SUBMIT LISSAJ_ZONE   MP_ZAERIEN  16000 2
  RETURN


SUBROUTINE FUZ1E
  SUBMIT FUZONE MP_ZETROIT   BPM1
  RETURN
SUBROUTINE FUZ1P
  SUBMIT FUZONE MP_ZPISTE   BPM1
  RETURN
SUBROUTINE FUZ1A
  SUBMIT FUZONE MP_ZAERIEN   BPM1
  RETURN
SUBROUTINE FUZ2E
  SUBMIT FUZONE MP_ZETROIT   BPM2
  RETURN
SUBROUTINE FUZ2P
  SUBMIT FUZONE MP_ZPISTE   BPM2
  RETURN
SUBROUTINE FUZ2A
  SUBMIT FUZONE MP_ZAERIEN   BPM2
  RETURN
SUBROUTINE FUZ4E
  SUBMIT FUZONE MP_ZETROIT   BPM4
  RETURN
SUBROUTINE FUZ4P
  SUBMIT FUZONE MP_ZPISTE   BPM4
  RETURN
SUBROUTINE FUZ4A
  SUBMIT FUZONE MP_ZAERIEN   BPM4
  RETURN
SUBROUTINE FUZ8E
  SUBMIT FUZONE MP_ZETROIT   BPM8
  RETURN
SUBROUTINE FUZ8P
  SUBMIT FUZONE MP_ZPISTE   BPM8
  RETURN
SUBROUTINE FUZ8A
  SUBMIT FUZONE MP_ZAERIEN   BPM8
  RETURN</source>
      </sequence>
      <sequence nom="PgmLyresY14_dup3" commentaire="Programmes de Lyre  { nomDuPgm , parametre1}">
        <source># programme pour animer les lyres TMH60 Y1 a Y4

GLOBAL NomPGM = $ARG1
GLOBAL PrmPGM = $ARG2

# liste des pilotes
GLOBAL PILYRES  = "Y1 Y2 Y3 Y4"



call INIT_TMH60


call @Affiche "Appel programme $NomPGM( $PrmPGM )"
call $NomPGM $PrmPGM

RETURN

#----------------------------------------------------

SUBROUTINE INIT_TMH60

# color wheel
GLOBAL  TMH60_cw_white = 0
GLOBAL  TMH60_cw_blue = 17
GLOBAL  TMH60_cw_lightgreen = 33
GLOBAL  TMH60_cw_rose = 49
GLOBAL  TMH60_cw_lightyellow = 65
GLOBAL  TMH60_cw_darkblue = 81
GLOBAL  TMH60_cw_green = 97
GLOBAL  TMH60_cw_red = 113
GLOBAL  TMH60_cw_rainbow_fslow = 180
GLOBAL  TMH60_cw_rainbow_ffast = 140

# rotating gobo wheel
GLOBAL TMH60_rgw_open = 10 
GLOBAL TMH60_rgw_3pts = 30
GLOBAL TMH60_rgw_croix = 50
GLOBAL TMH60_rgw_fleur = 70
GLOBAL TMH60_rgw_triskel = 90
GLOBAL TMH60_rgw_triangle = 110
GLOBAL TMH60_rgw_soleil = 120
GLOBAL TMH60_rgw_rotFast150 = 150
GLOBAL TMH60_rgw_rotSlow190= 190
GLOBAL TMH60_rgw_rotbackSlow200 = 200
GLOBAL TMH60_rgw_rotBackFast240 = 240


# rotation speed
GLOBAL TMH60_rs_stop = 0
GLOBAL TMH60_rs_FFFast = 20
GLOBAL TMH60_rs_FFast = 50
GLOBAL TMH60_rs_Fmid = 75
GLOBAL TMH60_rs_FSlow = 95
GLOBAL TMH60_rs_FSSlow = 105
GLOBAL TMH60_rs_BSSlow = 130
GLOBAL TMH60_rs_BSSlow = 150
GLOBAL TMH60_rs_Bmid = 180
GLOBAL TMH60_rs_BFast = 200
GLOBAL TMH60_rs_BFFast = 220


# static wheel
GLOBAL TMH60_sw_open = 0
GLOBAL TMH60_sw_multiPts = 10
GLOBAL TMH60_sw_tissage = 15
GLOBAL TMH60_sw_tripleCouronne = 25
GLOBAL TMH60_sw_rayures = 30
GLOBAL TMH60_sw_cartes = 40
GLOBAL TMH60_sw_ballon = 45
GLOBAL TMH60_sw_etoile8 = 50
GLOBAL TMH60_sw_spirale = 60
GLOBAL TMH60_sw_gobo8s = 68
GLOBAL TMH60_sw_gobo7s = 75
GLOBAL TMH60_sw_gobo6s = 82
GLOBAL TMH60_sw_gobo5s = 89
GLOBAL TMH60_sw_gobo4s = 96
GLOBAL TMH60_sw_gobo3s = 103
GLOBAL TMH60_sw_gobo2s = 110
GLOBAL TMH60_sw_gobo1s = 117


# channel 07 : focus
GLOBAL TMH60_focus = 250

# channel 08 : prism
GLOBAL TMH60_prism_open  = 0
GLOBAL TMH60_prism_static  = 40
GLOBAL TMH60_prism_SSlow  = 60
GLOBAL TMH60_prism_Slow  = 100
GLOBAL TMH60_prism_Mid  = 150
GLOBAL TMH60_prism_Fast  = 200
GLOBAL TMH60_prism_FFast  = 250


# channel 09 : strobe
GLOBAL TMH60_strobe_open  = 0
GLOBAL TMH60_strobe_fix1  = 40
GLOBAL TMH60_strobe_fix2  = 80
GLOBAL TMH60_strobe_fix3  = 120
GLOBAL TMH60_strobe_fix4  = 160
GLOBAL TMH60_strobe_fix5  = 199
GLOBAL TMH60_strobe_rnd1  =  210
GLOBAL TMH60_strobe_rnd2  =  220
GLOBAL TMH60_strobe_rnd3  =  230 
GLOBAL TMH60_strobe_rnd4  =  240
GLOBAL TMH60_strobe_rnd5  =  250



RETURN


#--------------- PGM01 ------------------
SUBROUTINE PGM01
call @Affiche "ici pgm01,  arg=$ARG1"
CALL $ARG1
CALL IT01 $TMH60_cw_white  $TMH60_cw_blue
RETURN

#--------------- PGM02 -----------------------------------------------
SUBROUTINE PGM02
CALL $ARG1
CALL IT02 $TMH60_cw_lightyellow  $TMH60_cw_rose
RETURN



#--------------- PGM03 -----------------------------------------------
SUBROUTINE PGM03
CALL $ARG1
CALL IT03 $TMH60_cw_darkblue  $TMH60_cw_green
RETURN



#--------------- PGM04 -----------------------------------------------
SUBROUTINE PGM04
CALL $ARG1
CALL IT04 $TMH60_cw_blue  $TMH60_cw_lightgreen
RETURN


#--------------- PGM05 -----------------------------------------------
SUBROUTINE PGM05
CALL $ARG1
CALL IT05 $TMH60_cw_lightyellow  $TMH60_cw_rose
RETURN


#--------------- PGM06 -----------------------------------------------
SUBROUTINE PGM06
CALL $ARG1
CALL IT06 $TMH60_cw_lightyellow  $TMH60_cw_lightgreen
RETURN



#--------------- PGM21 -----------------------------------------------
SUBROUTINE PGM21
CALL $ARG1
CALL IT01 $TMH60_cw_blue  $TMH60_cw_lightgreen
RETURN


#--------------- PGM22 -----------------------------------------------
SUBROUTINE PGM21
CALL $ARG1
CALL IT02 $TMH60_cw_blue  $TMH60_cw_lightgreen
RETURN

#--------------- PGM23 -----------------------------------------------
SUBROUTINE PGM21
CALL $ARG1
CALL IT03 $TMH60_cw_blue  $TMH60_cw_lightgreen
RETURN

#--------------- PGM24 -----------------------------------------------
SUBROUTINE PGM21
CALL $ARG1
CALL IT04 $TMH60_cw_blue  $TMH60_cw_lightgreen
RETURN

#--------------- PGM25 -----------------------------------------------
SUBROUTINE PGM25
CALL $ARG1
CALL IT05 $TMH60_cw_blue  $TMH60_cw_lightgreen
RETURN

#--------------- PGM26 -----------------------------------------------
SUBROUTINE PGM26
CALL $ARG1
CALL IT06 $TMH60_cw_lightyellow  $TMH60_cw_lightgreen
RETURN






#---------------------------------------------------------------------------------
#     IT SUBROUTINES -------------------------------------------------------------
#---------------------------------------------------------------------------------


SUBROUTINE IT01
  #  arg1= couleur1   ,  arg2= couleur2
  SET COULEUR1=$ARG1
  SET COULEUR2=$ARG2

Call ChaseIm  "dimmer=255,rgw=$TMH60_rgw_open,cw=$COULEUR1,rs=0,sw=0,prism=0,strobe=0" 0 '0:0'  Y1 Y2 Y3 Y4

LOOP
   WAITEVT BPM8
   Call chaseAttrDelai  cw   $COULEUR2 150  Y1 Y2 Y3 Y4
   WAITEVT BPM8
   Call chaseAttrDelai  cw   $COULEUR1 150  Y1 Y2 Y3 Y4
UNTIL 1&lt;0
RETURN

#---------------------------------------------------------------------------------

SUBROUTINE IT02
  #  arg1= couleur1   ,  arg2= couleur2
  SET COULEUR1=$ARG1
  SET COULEUR2=$ARG2

   Call ChaseIm  "dimmer=255,cw=$COULEUR1,rgw=$TMH60_rgw_fleur,rs=0,sw=0,prism=0,strobe=0"  0 '0:0'  Y1 Y2 Y3 Y4

LOOP
   WAITEVT BPM8
   Call chaseAttrDelai  dimmer   0   100  Y1 Y2 Y3 Y4
   WAITEVT BPM1
   Call chaseAttrDelai  cw   $COULEUR2 1  Y1 Y2 Y3 Y4
   Call chaseAttrDelai  dimmer   255   100  Y1 Y2 Y3 Y4
   
   WAITEVT BPM8
   Call chaseAttrDelai  dimmer   0   100  Y1 Y2 Y3 Y4
   WAITEVT BPM1
   Call chaseAttrDelai  cw   $COULEUR1 1  Y1 Y2 Y3 Y4
   Call chaseAttrDelai  dimmer   255   100  Y1 Y2 Y3 Y4

UNTIL 1&lt;0
RETURN

#---------------------------------------------------------------------------------

SUBROUTINE IT03
  #  arg1= couleur1   ,  arg2= couleur2
  SET COULEUR1=$ARG1
  SET COULEUR2=$ARG2
Call ChaseIm  "dimmer=255,cw=$COULEUR1,rgw=$TMH60_rgw_triskel,rs=100,sw=0,prism=0,strobe=0"  0 '0:0'  Y1 Y2 Y3 Y4

LOOP
   WAITEVT BPM8
   Call chaseAttrDelai  cw   $COULEUR2 150  Y1  Y3 
    WAITEVT BPM2
    Call chaseAttrDelai  cw   $COULEUR2 150  Y2  Y4
 
   WAITEVT BPM8
   Call chaseAttrDelai  cw   $COULEUR1 150  Y1  Y3 
   WAITEVT BPM2
   Call chaseAttrDelai  cw   $COULEUR1 150  Y2  Y4
UNTIL 1&lt;0
RETURN


#---------------------------------------------------------------------------------

SUBROUTINE IT04
  #  arg1= couleur1   ,  arg2= couleur2
  SET COULEUR1=$ARG1
  SET COULEUR2=$ARG2
  call ChaseIm  "dimmer=255,cw=$COULEUR1,rgw=$TMH60_rgw_3pts,rs=100,sw=0,prism=$TMH60_prism_Slow,strobe=0"  0 '0:0'  Y1 Y2 Y3 Y4

LOOP
   WAITEVT BPM2
   Call chaseAttrDelai  cw   $TMH60_cw_white       50  Y4 Y3 Y2 Y1
   WAITEVT BPM2
   Call chaseAttrDelai  cw   $COULEUR2 50  Y1 Y2 Y3 Y4
   WAITEVT BPM2
   Call chaseAttrDelai  cw   $TMH60_cw_white       50  Y4 Y3 Y2 Y1
   WAITEVT BPM2
   Call chaseAttrDelai  cw   $COULEUR1  50  Y1 Y2 Y3 Y4
UNTIL 1&lt;0
RETURN

#---------------------------------------------------------------------------------

SUBROUTINE IT05
  #  arg1= couleur1   ,  arg2= couleur2
  SET COULEUR1=$ARG1
  SET COULEUR2=$ARG2
  call ChaseIm  "dimmer=0,cw=$COULEUR1,rgw=$TMH60_rgw_open,rs=100,sw=$TMH60_sw_ballon,prism=0,strobe=0"  0 '0:0'  Y1 Y2 Y3 Y4

  SUBMIT @Chenillard "MONO  BPM4B"  Y1 Y3 Y2 Y4
LOOP
   WAITEVT BPM4B
   call ChaseIm  "cw=$COULEUR2"  0 '0:0'  Y1 
   WAITEVT BPM1
   call ChaseIm  "cw=$COULEUR2"  0 '0:0'  Y2 
   WAITEVT BPM1
   call ChaseIm  "cw=$COULEUR2"  0 '0:0'  Y3 
   WAITEVT BPM1
   call ChaseIm  "cw=$COULEUR2"  0 '0:0'  Y4 
   WAITEVT BPM4B
   call ChaseIm  "cw=$COULEUR1"  0 '0:0'  Y1 
   WAITEVT BPM1
   call ChaseIm  "cw=$COULEUR1"  0 '0:0'  Y2 
   WAITEVT BPM1
   call ChaseIm  "cw=$COULEUR1"  0 '0:0'  Y3 
   WAITEVT BPM1
   call ChaseIm  "cw=$COULEUR1"  0 '0:0'  Y4 
UNTIL 1&lt;0
RETURN

#---------------------------------------------------------------------------------

SUBROUTINE IT06
  #  arg1= couleur1   ,  arg2= couleur2
  SET COULEUR1=$ARG1
  SET COULEUR2=$ARG2
  call ChaseIm  "dimmer=0,cw=$COULEUR1,rgw=$TMH60_rgw_open,rs=0,sw=$TMH60_sw_multiPts,prism=0,strobe=0"  0 '0:0'  Y1  Y3 
  call ChaseIm  "dimmer=0,cw=$COULEUR2,rgw=$TMH60_rgw_open,rs=0,sw=$TMH60_sw_multiPts,prism=0,strobe=0"  0 '0:0'  Y2  Y4

  SET maperiode:=$@BPMperiode * 4
  SET delta:= ceil( $maperiode / 4) 
  call @Affiche "IT06: periode=$maperiode, delta=$delta"

  SUBMIT @CycleAttrib Y1 dimmer 0  255 $maperiode
  PAUSE $delta
  SUBMIT @CycleAttrib Y2 dimmer 0  255 $maperiode
  PAUSE $delta
  SUBMIT @CycleAttrib Y3 dimmer 0  255 $maperiode
  PAUSE $delta
  SUBMIT @CycleAttrib Y4 dimmer 0  255 $maperiode
 

RETURN

#---------------------------------------------------------------------------------

SUBROUTINE IT07
RETURN

#---------------------------------------------------------------------------------

SUBROUTINE IT08
RETURN

#---------------------------------------------------------------------------------

SUBROUTINE IT09
RETURN

#---------------------------------------------------------------------------------

SUBROUTINE IT10
RETURN


#---------------------------------------------------------------------------------
#     MVTS SUBROUTINES -----------------------------------------------------------
#---------------------------------------------------------------------------------

SUBROUTINE LIS01
  SUBMIT LISSAJ_ZONE   MP_ZETROIT  40000 0
  RETURN

SUBROUTINE LIS02
  SUBMIT LISSAJ_ZONE   MP_ZETROIT  20000 0
  RETURN

SUBROUTINE LIS03
  SUBMIT LISSAJ_ZONE   MP_ZETROIT  10000 0
  RETURN

SUBROUTINE LIS04
  SUBMIT LISSAJ_ZONE   MP_ZETROIT  16000 2
  RETURN

SUBROUTINE LIS05
  SUBMIT LISSAJ_ZONE   MP_ZPISTE  20000 0
  RETURN

SUBROUTINE LIS06
  SUBMIT LISSAJ_ZONE   MP_ZPISTE  15000 0
  RETURN

SUBROUTINE LIS07
  SUBMIT LISSAJ_ZONE   MP_ZPISTE  10000 0
  RETURN

SUBROUTINE LIS08
  SUBMIT LISSAJ_ZONE   MP_ZPISTE  16000 2
  RETURN

SUBROUTINE LIS09
  SUBMIT LISSAJ_ZONE   MP_ZAERIEN  20000 0
  RETURN

SUBROUTINE LIS10
  SUBMIT LISSAJ_ZONE   MP_ZAERIEN  15000 0
  RETURN

SUBROUTINE LIS11
  SUBMIT LISSAJ_ZONE   MP_ZAERIEN  10000 0
  RETURN

SUBROUTINE LIS12
  SUBMIT LISSAJ_ZONE   MP_ZAERIEN  16000 2
  RETURN


SUBROUTINE FUZ1E
  SUBMIT FUZONE MP_ZETROIT   BPM1
  RETURN
SUBROUTINE FUZ1P
  SUBMIT FUZONE MP_ZPISTE   BPM1
  RETURN
SUBROUTINE FUZ1A
  SUBMIT FUZONE MP_ZAERIEN   BPM1
  RETURN
SUBROUTINE FUZ2E
  SUBMIT FUZONE MP_ZETROIT   BPM2
  RETURN
SUBROUTINE FUZ2P
  SUBMIT FUZONE MP_ZPISTE   BPM2
  RETURN
SUBROUTINE FUZ2A
  SUBMIT FUZONE MP_ZAERIEN   BPM2
  RETURN
SUBROUTINE FUZ4E
  SUBMIT FUZONE MP_ZETROIT   BPM4
  RETURN
SUBROUTINE FUZ4P
  SUBMIT FUZONE MP_ZPISTE   BPM4
  RETURN
SUBROUTINE FUZ4A
  SUBMIT FUZONE MP_ZAERIEN   BPM4
  RETURN
SUBROUTINE FUZ8E
  SUBMIT FUZONE MP_ZETROIT   BPM8
  RETURN
SUBROUTINE FUZ8P
  SUBMIT FUZONE MP_ZPISTE   BPM8
  RETURN
SUBROUTINE FUZ8A
  SUBMIT FUZONE MP_ZAERIEN   BPM8
  RETURN</source>
      </sequence>
      <sequence nom="PgmLyresY14_dup4" commentaire="Programmes de Lyre  { nomDuPgm , parametre1}">
        <source># programme pour animer les lyres TMH60 Y1 a Y4

GLOBAL NomPGM = $ARG1
GLOBAL PrmPGM = $ARG2

# liste des pilotes
GLOBAL PILYRES  = "Y1 Y2 Y3 Y4"



call INIT_TMH60


call @Affiche "Appel programme $NomPGM( $PrmPGM )"
call $NomPGM $PrmPGM

RETURN

#----------------------------------------------------

SUBROUTINE INIT_TMH60

# color wheel
GLOBAL  TMH60_cw_white = 0
GLOBAL  TMH60_cw_blue = 17
GLOBAL  TMH60_cw_lightgreen = 33
GLOBAL  TMH60_cw_rose = 49
GLOBAL  TMH60_cw_lightyellow = 65
GLOBAL  TMH60_cw_darkblue = 81
GLOBAL  TMH60_cw_green = 97
GLOBAL  TMH60_cw_red = 113
GLOBAL  TMH60_cw_rainbow_fslow = 180
GLOBAL  TMH60_cw_rainbow_ffast = 140

# rotating gobo wheel
GLOBAL TMH60_rgw_open = 10 
GLOBAL TMH60_rgw_3pts = 30
GLOBAL TMH60_rgw_croix = 50
GLOBAL TMH60_rgw_fleur = 70
GLOBAL TMH60_rgw_triskel = 90
GLOBAL TMH60_rgw_triangle = 110
GLOBAL TMH60_rgw_soleil = 120
GLOBAL TMH60_rgw_rotFast150 = 150
GLOBAL TMH60_rgw_rotSlow190= 190
GLOBAL TMH60_rgw_rotbackSlow200 = 200
GLOBAL TMH60_rgw_rotBackFast240 = 240


# rotation speed
GLOBAL TMH60_rs_stop = 0
GLOBAL TMH60_rs_FFFast = 20
GLOBAL TMH60_rs_FFast = 50
GLOBAL TMH60_rs_Fmid = 75
GLOBAL TMH60_rs_FSlow = 95
GLOBAL TMH60_rs_FSSlow = 105
GLOBAL TMH60_rs_BSSlow = 130
GLOBAL TMH60_rs_BSSlow = 150
GLOBAL TMH60_rs_Bmid = 180
GLOBAL TMH60_rs_BFast = 200
GLOBAL TMH60_rs_BFFast = 220


# static wheel
GLOBAL TMH60_sw_open = 0
GLOBAL TMH60_sw_multiPts = 10
GLOBAL TMH60_sw_tissage = 15
GLOBAL TMH60_sw_tripleCouronne = 25
GLOBAL TMH60_sw_rayures = 30
GLOBAL TMH60_sw_cartes = 40
GLOBAL TMH60_sw_ballon = 45
GLOBAL TMH60_sw_etoile8 = 50
GLOBAL TMH60_sw_spirale = 60
GLOBAL TMH60_sw_gobo8s = 68
GLOBAL TMH60_sw_gobo7s = 75
GLOBAL TMH60_sw_gobo6s = 82
GLOBAL TMH60_sw_gobo5s = 89
GLOBAL TMH60_sw_gobo4s = 96
GLOBAL TMH60_sw_gobo3s = 103
GLOBAL TMH60_sw_gobo2s = 110
GLOBAL TMH60_sw_gobo1s = 117


# channel 07 : focus
GLOBAL TMH60_focus = 250

# channel 08 : prism
GLOBAL TMH60_prism_open  = 0
GLOBAL TMH60_prism_static  = 40
GLOBAL TMH60_prism_SSlow  = 60
GLOBAL TMH60_prism_Slow  = 100
GLOBAL TMH60_prism_Mid  = 150
GLOBAL TMH60_prism_Fast  = 200
GLOBAL TMH60_prism_FFast  = 250


# channel 09 : strobe
GLOBAL TMH60_strobe_open  = 0
GLOBAL TMH60_strobe_fix1  = 40
GLOBAL TMH60_strobe_fix2  = 80
GLOBAL TMH60_strobe_fix3  = 120
GLOBAL TMH60_strobe_fix4  = 160
GLOBAL TMH60_strobe_fix5  = 199
GLOBAL TMH60_strobe_rnd1  =  210
GLOBAL TMH60_strobe_rnd2  =  220
GLOBAL TMH60_strobe_rnd3  =  230 
GLOBAL TMH60_strobe_rnd4  =  240
GLOBAL TMH60_strobe_rnd5  =  250



RETURN


#--------------- PGM01 ------------------
SUBROUTINE PGM01
call @Affiche "ici pgm01,  arg=$ARG1"
CALL $ARG1
CALL IT01 $TMH60_cw_white  $TMH60_cw_blue
RETURN

#--------------- PGM02 -----------------------------------------------
SUBROUTINE PGM02
CALL $ARG1
CALL IT02 $TMH60_cw_lightyellow  $TMH60_cw_rose
RETURN



#--------------- PGM03 -----------------------------------------------
SUBROUTINE PGM03
CALL $ARG1
CALL IT03 $TMH60_cw_darkblue  $TMH60_cw_green
RETURN



#--------------- PGM04 -----------------------------------------------
SUBROUTINE PGM04
CALL $ARG1
CALL IT04 $TMH60_cw_blue  $TMH60_cw_lightgreen
RETURN


#--------------- PGM05 -----------------------------------------------
SUBROUTINE PGM05
CALL $ARG1
CALL IT05 $TMH60_cw_lightyellow  $TMH60_cw_rose
RETURN


#--------------- PGM06 -----------------------------------------------
SUBROUTINE PGM06
CALL $ARG1
CALL IT06 $TMH60_cw_lightyellow  $TMH60_cw_lightgreen
RETURN



#--------------- PGM21 -----------------------------------------------
SUBROUTINE PGM21
CALL $ARG1
CALL IT01 $TMH60_cw_blue  $TMH60_cw_lightgreen
RETURN


#--------------- PGM22 -----------------------------------------------
SUBROUTINE PGM21
CALL $ARG1
CALL IT02 $TMH60_cw_blue  $TMH60_cw_lightgreen
RETURN

#--------------- PGM23 -----------------------------------------------
SUBROUTINE PGM21
CALL $ARG1
CALL IT03 $TMH60_cw_blue  $TMH60_cw_lightgreen
RETURN

#--------------- PGM24 -----------------------------------------------
SUBROUTINE PGM21
CALL $ARG1
CALL IT04 $TMH60_cw_blue  $TMH60_cw_lightgreen
RETURN

#--------------- PGM25 -----------------------------------------------
SUBROUTINE PGM25
CALL $ARG1
CALL IT05 $TMH60_cw_blue  $TMH60_cw_lightgreen
RETURN

#--------------- PGM26 -----------------------------------------------
SUBROUTINE PGM26
CALL $ARG1
CALL IT06 $TMH60_cw_lightyellow  $TMH60_cw_lightgreen
RETURN


#--------------- PGM50 -----------------------------------------------
SUBROUTINE PGM50
  CALL @BPMsync
  SUBMIT FUZONEdecal MP_ZETROIT   BPM4
  WAITEVT BPM2
  SUBMIT @ChenillardEvt BPM1  MONO   Y1 Y2 Y3 Y4
RETURN






#---------------------------------------------------------------------------------
#     IT SUBROUTINES -------------------------------------------------------------
#---------------------------------------------------------------------------------


SUBROUTINE IT01
  #  arg1= couleur1   ,  arg2= couleur2
  SET COULEUR1=$ARG1
  SET COULEUR2=$ARG2

Call ChaseIm  "dimmer=255,rgw=$TMH60_rgw_open,cw=$COULEUR1,rs=0,sw=0,prism=0,strobe=0" 0 '0:0'  Y1 Y2 Y3 Y4

LOOP
   WAITEVT BPM8
   Call chaseAttrDelai  cw   $COULEUR2 150  Y1 Y2 Y3 Y4
   WAITEVT BPM8
   Call chaseAttrDelai  cw   $COULEUR1 150  Y1 Y2 Y3 Y4
UNTIL 1&lt;0
RETURN

#---------------------------------------------------------------------------------

SUBROUTINE IT02
  #  arg1= couleur1   ,  arg2= couleur2
  SET COULEUR1=$ARG1
  SET COULEUR2=$ARG2

   Call ChaseIm  "dimmer=255,cw=$COULEUR1,rgw=$TMH60_rgw_fleur,rs=0,sw=0,prism=0,strobe=0"  0 '0:0'  Y1 Y2 Y3 Y4

LOOP
   WAITEVT BPM8
   Call chaseAttrDelai  dimmer   0   100  Y1 Y2 Y3 Y4
   WAITEVT BPM1
   Call chaseAttrDelai  cw   $COULEUR2 1  Y1 Y2 Y3 Y4
   Call chaseAttrDelai  dimmer   255   100  Y1 Y2 Y3 Y4
   
   WAITEVT BPM8
   Call chaseAttrDelai  dimmer   0   100  Y1 Y2 Y3 Y4
   WAITEVT BPM1
   Call chaseAttrDelai  cw   $COULEUR1 1  Y1 Y2 Y3 Y4
   Call chaseAttrDelai  dimmer   255   100  Y1 Y2 Y3 Y4

UNTIL 1&lt;0
RETURN

#---------------------------------------------------------------------------------

SUBROUTINE IT03
  #  arg1= couleur1   ,  arg2= couleur2
  SET COULEUR1=$ARG1
  SET COULEUR2=$ARG2
Call ChaseIm  "dimmer=255,cw=$COULEUR1,rgw=$TMH60_rgw_triskel,rs=100,sw=0,prism=0,strobe=0"  0 '0:0'  Y1 Y2 Y3 Y4

LOOP
   WAITEVT BPM8
   Call chaseAttrDelai  cw   $COULEUR2 150  Y1  Y3 
    WAITEVT BPM2
    Call chaseAttrDelai  cw   $COULEUR2 150  Y2  Y4
 
   WAITEVT BPM8
   Call chaseAttrDelai  cw   $COULEUR1 150  Y1  Y3 
   WAITEVT BPM2
   Call chaseAttrDelai  cw   $COULEUR1 150  Y2  Y4
UNTIL 1&lt;0
RETURN


#---------------------------------------------------------------------------------

SUBROUTINE IT04
  #  arg1= couleur1   ,  arg2= couleur2
  SET COULEUR1=$ARG1
  SET COULEUR2=$ARG2
  call ChaseIm  "dimmer=255,cw=$COULEUR1,rgw=$TMH60_rgw_3pts,rs=100,sw=0,prism=$TMH60_prism_Slow,strobe=0"  0 '0:0'  Y1 Y2 Y3 Y4

LOOP
   WAITEVT BPM2
   Call chaseAttrDelai  cw   $TMH60_cw_white       50  Y4 Y3 Y2 Y1
   WAITEVT BPM2
   Call chaseAttrDelai  cw   $COULEUR2 50  Y1 Y2 Y3 Y4
   WAITEVT BPM2
   Call chaseAttrDelai  cw   $TMH60_cw_white       50  Y4 Y3 Y2 Y1
   WAITEVT BPM2
   Call chaseAttrDelai  cw   $COULEUR1  50  Y1 Y2 Y3 Y4
UNTIL 1&lt;0
RETURN

#---------------------------------------------------------------------------------

SUBROUTINE IT05
  #  arg1= couleur1   ,  arg2= couleur2
  SET COULEUR1=$ARG1
  SET COULEUR2=$ARG2
  call ChaseIm  "dimmer=0,cw=$COULEUR1,rgw=$TMH60_rgw_open,rs=100,sw=$TMH60_sw_ballon,prism=0,strobe=0"  0 '0:0'  Y1 Y2 Y3 Y4

  SUBMIT @ChenillardEvt  BPM4B MONO Y1 Y3 Y2 Y4
LOOP
   WAITEVT BPM4B
   call ChaseIm  "cw=$COULEUR2"  0 '0:0'  Y1 
   WAITEVT BPM1
   call ChaseIm  "cw=$COULEUR2"  0 '0:0'  Y2 
   WAITEVT BPM1
   call ChaseIm  "cw=$COULEUR2"  0 '0:0'  Y3 
   WAITEVT BPM1
   call ChaseIm  "cw=$COULEUR2"  0 '0:0'  Y4 
   WAITEVT BPM4B
   call ChaseIm  "cw=$COULEUR1"  0 '0:0'  Y1 
   WAITEVT BPM1
   call ChaseIm  "cw=$COULEUR1"  0 '0:0'  Y2 
   WAITEVT BPM1
   call ChaseIm  "cw=$COULEUR1"  0 '0:0'  Y3 
   WAITEVT BPM1
   call ChaseIm  "cw=$COULEUR1"  0 '0:0'  Y4 
UNTIL 1&lt;0
RETURN

#---------------------------------------------------------------------------------

SUBROUTINE IT06
  #  arg1= couleur1   ,  arg2= couleur2
  SET COULEUR1=$ARG1
  SET COULEUR2=$ARG2
  call ChaseIm  "dimmer=0,cw=$COULEUR1,rgw=$TMH60_rgw_open,rs=0,sw=$TMH60_sw_multiPts,prism=0,strobe=0"  0 '0:0'  Y1  Y3 
  call ChaseIm  "dimmer=0,cw=$COULEUR2,rgw=$TMH60_rgw_open,rs=0,sw=$TMH60_sw_multiPts,prism=0,strobe=0"  0 '0:0'  Y2  Y4

  SET maperiode:=$@BPMperiode * 4
  SET delta:= ceil( $maperiode / 4) 
  call @Affiche "IT06: periode=$maperiode, delta=$delta"

  SUBMIT @CycleAttrib Y1 dimmer 0  255 $maperiode
  PAUSE $delta
  SUBMIT @CycleAttrib Y2 dimmer 0  255 $maperiode
  PAUSE $delta
  SUBMIT @CycleAttrib Y3 dimmer 0  255 $maperiode
  PAUSE $delta
  SUBMIT @CycleAttrib Y4 dimmer 0  255 $maperiode
 

RETURN

#---------------------------------------------------------------------------------

SUBROUTINE IT07
RETURN

#---------------------------------------------------------------------------------

SUBROUTINE IT08
RETURN

#---------------------------------------------------------------------------------

SUBROUTINE IT09
RETURN

#---------------------------------------------------------------------------------

SUBROUTINE IT10
RETURN


#---------------------------------------------------------------------------------
#     MVTS SUBROUTINES -----------------------------------------------------------
#---------------------------------------------------------------------------------

SUBROUTINE LIS01
  SUBMIT LISSAJ_ZONE   MP_ZETROIT  40000 0
  RETURN

SUBROUTINE LIS02
  SUBMIT LISSAJ_ZONE   MP_ZETROIT  20000 0
  RETURN

SUBROUTINE LIS03
  SUBMIT LISSAJ_ZONE   MP_ZETROIT  10000 0
  RETURN

SUBROUTINE LIS04
  SUBMIT LISSAJ_ZONE   MP_ZETROIT  16000 2
  RETURN

SUBROUTINE LIS05
  SUBMIT LISSAJ_ZONE   MP_ZPISTE  20000 0
  RETURN

SUBROUTINE LIS06
  SUBMIT LISSAJ_ZONE   MP_ZPISTE  15000 0
  RETURN

SUBROUTINE LIS07
  SUBMIT LISSAJ_ZONE   MP_ZPISTE  10000 0
  RETURN

SUBROUTINE LIS08
  SUBMIT LISSAJ_ZONE   MP_ZPISTE  16000 2
  RETURN

SUBROUTINE LIS09
  SUBMIT LISSAJ_ZONE   MP_ZAERIEN  20000 0
  RETURN

SUBROUTINE LIS10
  SUBMIT LISSAJ_ZONE   MP_ZAERIEN  15000 0
  RETURN

SUBROUTINE LIS11
  SUBMIT LISSAJ_ZONE   MP_ZAERIEN  10000 0
  RETURN

SUBROUTINE LIS12
  SUBMIT LISSAJ_ZONE   MP_ZAERIEN  16000 2
  RETURN


SUBROUTINE FUZ1E
  SUBMIT FUZONE MP_ZETROIT   BPM1
  RETURN
SUBROUTINE FUZ1P
  SUBMIT FUZONE MP_ZPISTE   BPM1
  RETURN
SUBROUTINE FUZ1A
  SUBMIT FUZONE MP_ZAERIEN   BPM1
  RETURN
SUBROUTINE FUZ2E
  SUBMIT FUZONE MP_ZETROIT   BPM2
  RETURN
SUBROUTINE FUZ2P
  SUBMIT FUZONE MP_ZPISTE   BPM2
  RETURN
SUBROUTINE FUZ2A
  SUBMIT FUZONE MP_ZAERIEN   BPM2
  RETURN
SUBROUTINE FUZ4E
  SUBMIT FUZONE MP_ZETROIT   BPM4
  RETURN
SUBROUTINE FUZ4P
  SUBMIT FUZONE MP_ZPISTE   BPM4
  RETURN
SUBROUTINE FUZ4A
  SUBMIT FUZONE MP_ZAERIEN   BPM4
  RETURN
SUBROUTINE FUZ8E
  SUBMIT FUZONE MP_ZETROIT   BPM8
  RETURN
SUBROUTINE FUZ8P
  SUBMIT FUZONE MP_ZPISTE   BPM8
  RETURN
SUBROUTINE FUZ8A
  SUBMIT FUZONE MP_ZAERIEN   BPM8
  RETURN</source>
      </sequence>
    </dossier>
    <dossier nom="LyresMvts">
      <sequence nom="FUZONE" commentaire="FUZONE  { Zone, EvtBpm }">
        <source># fuzz non parallèle  { Zone, EvtBpm }

SET MJL := concat('$ARG1' ,'_JL')
SET MCR := concat('$ARG1' ,'_CR')
SET evt=$ARG2


call @Affiche FUZONE  $MJL $MCR  $evt

SUBMIT @FuzzPanTilt Y1   $MJL   $MCR    $evt
SUBMIT @FuzzPanTilt Y2   $MJL   $MCR    $evt
SUBMIT @FuzzPanTilt Y3   $MJL   $MCR    $evt
SUBMIT @FuzzPanTilt Y4   $MJL   $MCR    $evt

return</source>
      </sequence>
      <sequence nom="FUZONEdecal" commentaire="FUZONEdecal  { Zone, EvtBpm }">
        <source># fuzz non parallèle  { Zone, EvtBpm }

SET MJL := concat('$ARG1' ,'_JL')
SET MCR := concat('$ARG1' ,'_CR')
SET evt=$ARG2


call @Affiche FUZONEdecal  $MJL $MCR  $evt

SUBMIT @FuzzPanTilt Y1   $MJL   $MCR    $evt
SET eee:=concat('$evt','B')
SUBMIT @FuzzPanTilt Y2   $MJL   $MCR    $eee
SET eee:=concat('$evt','C')
SUBMIT @FuzzPanTilt Y3   $MJL   $MCR    $eee
SET eee:=concat('$evt','D')
SUBMIT @FuzzPanTilt Y4   $MJL   $MCR    $eee

return</source>
      </sequence>
      <sequence nom="LISSAJ_ZONE" commentaire="Lissajoux { MP_Zone   periode  fuzz }">
        <source># lissajoux parallèle  { zone, periode, fuzz% }

SET MJL := concat('$ARG1' ,'_JL')
SET MCR := concat('$ARG1' ,'_CR')
SET PERIODE=$ARG2
SET FUZZ=$ARG3

call @Affiche 'Memoires :  $MJL  /   $MCR'


SET DECAL:= ceil( $PERIODE * $FUZZ / 100 ) 
SET D3 := $DECAL*2
SET D4 := $DECAL*3

CALL @Affiche  "LISSAJ_ZONE  periode=$PERIODE    dec=$DECAL  d3=$D3  d4=$D4"


SUBMIT @Lissajoux Y1    $MJL   $MCR   $PERIODE   0
SUBMIT @Lissajoux Y2    $MJL   $MCR   $PERIODE   $DECAL
SUBMIT @Lissajoux Y3    $MJL   $MCR   $PERIODE   $D3
SUBMIT @Lissajoux Y4    $MJL   $MCR   $PERIODE   $D4




return</source>
      </sequence>
    </dossier>
    <dossier nom="Outils">
      <dossier nom="cheni">
        <sequence nom="ch4euroHand" commentaire="chenillard sur les 4 eurolite { prmchenil }">
          <source># un parametre : les options du chenillard
# MONO, BI ou TRI   + code evt

HANDLE COLORCHANGED for VIRT CALL HandleColor
call @Chenillard "$ARG1" euro0 euro1 euro2 euro3
RETURN

SubRoutine HandleColor
	set NIOUCOLO := getAttribForPilote( 'color' , 'VIRT' )
	setcolor euro0 $NIOUCOLO
	setcolor euro1 $NIOUCOLO
	setcolor euro2 $NIOUCOLO
	setcolor euro3 $NIOUCOLO

RETURN</source>
        </sequence>
      </dossier>
      <sequence nom="chainRecall" commentaire="rappel séquentiel de mémoires [mem;delai]*">
        <source># chainRecall : rapelle une suite de mémoire 
# avec un délai entre chaque rappel puis s'arrete
#  parametres : [mem,delai]*

for k=1 to $ARGC
	set NOM_MEMOIRE ::= '\$ARG'+'$k'  
	set k := $k+1
	set DELAI ::= '\$ARG'+'$k'
	recallmem $NOM_MEMOIRE
	pause $DELAI
next k

return</source>
      </sequence>
      <sequence nom="seqmemBPM" commentaire="seq N memoires en BPM {evt, liste }">
        <source># sequence des memoires en rythme
# parametres : evt + liste de memoires

set EVT=$ARG1
call @BPMsync

loop
	for k=2 to $ARGC
	  set var ::= '\$ARG'+'$k'  
	  recallmem $var
	  waitevt $EVT
	next k
until 0
return</source>
      </sequence>
      <sequence nom="seqmemBPM_Slide" commentaire="sequence N memoires en rythme + slide : evt + { mem sld }">
        <source># sequence des memoires en rythme
# parametres : evt + liste de { memoires sliderprm }

set EVT=$ARG1

loop
	for k=2 to $ARGC  step 2
	  set var ::= '\$ARG'+'$k'  
	  set kplus1 := $k + 1
	  set slp ::= '\$ARG'+'$kplus1'  
	  recallmem  $var  $slp
	  waitevt $EVT
	next k
until 0
return</source>
      </sequence>
      <sequence nom="shiftr" commentaire="rotation des états vers la droite [listePilotes]">
        <source># rotation vers la droite
# parametres : liste des pilotes
  
	set NB=$ARGC
  
  # phase 1 : on empile tous les arguments
  FOR I=1 TO  $NB
	set NomPilote::='\$ARG$I'
	pushetat $NomPilote
  NEXT I
   
  # on depile sur le premier pilote	
  	set PILOTE=$ARG1
  	popetat $PILOTE

 	set I  = $NB   
  # puis sur les autres a l'envers
  LOOP
	set NomPilote::='\$ARG$I'
	popetat $NomPilote
  	set I := "$I-1"
  	UNTIL $I==1
  	RETURN
#</source>
      </sequence>
      <sequence nom="shiftrBPM" commentaire="enchaine des shiftr">
        <source># enchaine des decalages ryhtmes par BPM

LOOP
	call shiftr $ARG_ALL

	waitevt BPM2

	UNTIL 0</source>
      </sequence>
    </dossier>
    <dossier nom="ZZpoubelle">
      <dossier nom="DS01_Stone" />
      <dossier nom="DS1_Tivolair" />
      <dossier nom="DS2_Colleges" />
      <dossier nom="DS3_Lempsi" />
      <dossier nom="DS4_Harmonie" />
    </dossier>
    <dossier nom="debug">
      <sequence nom="chkCycle" commentaire="Test la CycleAttribMacro">
        <source># source

SUBMIT @CycleAttrib L1 dimmer  180  250 2000
SUBMIT @CycleAttrib L1 red  80  240 3000
SUBMIT @CycleAttrib L1 green  180  240 4000

SUBMIT @CycleAttrib L2 dimmer  210  250 9300
SUBMIT @CycleAttrib L2 red  80  250 8200
SUBMIT @CycleAttrib L2 blue  220  250 7000

SUBMIT @CycleAttrib L3 dimmer  220  250 1450
SUBMIT @CycleAttrib L3 red  80  250 1100
SUBMIT @CycleAttrib L3 green  110  240 1200


SUBMIT @CycleAttrib L4 dimmer  180  250 2000
SUBMIT @CycleAttrib L4 red  80  240 3000
SUBMIT @CycleAttrib L4 green  180  240 4000

SUBMIT @CycleAttrib L5 dimmer  210  250 9300
SUBMIT @CycleAttrib L5 red  80  250 8200
SUBMIT @CycleAttrib L5 blue  220  250 7000

SUBMIT @CycleAttrib L6 dimmer  220  250 1450
SUBMIT @CycleAttrib L6 red  80  250 1100
SUBMIT @CycleAttrib L6 green  110  240 1200</source>
      </sequence>
      <sequence nom="fadeBPM" commentaire="fading selon BPM">
        <source># enchaine des recallmem avec fading correspondant au BPM

loop
	
    recallmem  "orange"  "0:$@BPMperiode"
    waitevt BPM2

    recallmem  "cielStar"  "0:$@BPMperiode"
    waitevt BPM2

    recallmem  "pastel1"  "0:$@BPMperiode"
    waitevt BPM2


until 1==2</source>
      </sequence>
      <sequence nom="modMASTER" commentaire="modifie couleur des pilotes">
        <source># source

SUBMIT modcolor1 euro0
WAITEVT BPM1

SUBMIT modcolor1 euro1
WAITEVT BPM1

SUBMIT modcolor1 euro2
WAITEVT BPM1


SUBMIT modcolor1 euro3
WAITEVT BPM1

call @Affiche submitted</source>
      </sequence>
      <sequence nom="modcolor1" commentaire="modifie couleur pour N pilotes">
        <source># source
loop
	call TRT1C vert $ARG_ALL
	call TRT1C bleu $ARG_ALL
	call TRT1C cyan $ARG_ALL
until 1==999
	return

# traiter une couleur
SUBROUTINE TRT1C
#	call @Trace TRT1C pour  $ARG_ALL
	set COULEUR = $ARG1
	set NB = $ARGC
    	
	FOR I=2 TO $ARGC
  	set NOMPILOTE := '\$ARG'+'$I'
  	set PILOTE ::= $NOMPILOTE
  	SetColor $PILOTE $COULEUR
  	NEXT I
	
	waitevt BPM1
	
	return</source>
      </sequence>
      <sequence nom="tstArgAll" commentaire="test argument multiple">
        <source># source

	call @Trace main $ARG_ALL

	CALL spgm1 $ARG_ALL
	return


subroutine spgm1
	call @Trace main $ARG_ALL

	FOR k=1 TO $ARGC
 	   set var ::= '\$ARG'+'$k'  
	   call @Affiche variable $k = $var
	NEXT k

	return</source>
      </sequence>
    </dossier>
    <sequence nom="Ani_E_V1V2" commentaire="{  evt }">
      <source># a partir des pilotes virtuels  V1 et V2 ,  anime E1 à E4

# un parametre : l'evt qui sequence
GLOBAL EVT=$ARG1

# etat des pilotes V1 et V2
GLOBAL etatV1
GLOBAL etatV2

GLOBAL delai=0
GLOBAL eteint="dimmer=0"




call @Affiche "delai=$delai"
GLOBAL sp="0:$delai"
GLOBAL NbPilotes:= ($ARGC - 1)

call getVirtualParameters

   setetat E1  $etatV1 $sp
   setetat E2  $etatV1 $sp
   setetat E3  $etatV1 $sp
   setetat E4  $etatV1 $sp


LOOP
   GLOBAL sp="0:$delai"

   call DEP4  $etatV2 $etatV2 $etatV2 $etatV2 

   call DEP4  $etatV1 $etatV1 $etatV1 $etatV1 

   call DEP4  $eteint  $etatV2 $eteint   $etatV2 

   call DEP4B $eteint  $etatV1 $eteint   $etatV1 
   
   call DEP4B $etatV2 $eteint   $etatV2  $eteint 
   call DEP4  $etatV1 $eteint   $etatV1  $eteint  


  call getVirtualParameters
  GLOBAL sp="0:$delai"
UNTIL 1&lt;0





RETURN



# deploie en sequence 4 etat sur E1 E2 E3 E4
SUBROUTINE DEP4
   setetat E1  $ARG1 $sp
   WAITEVT $EVT
   setetat E2  $ARG2 $sp
   WAITEVT $EVT
   setetat E3  $ARG3 $sp
   WAITEVT $EVT
   setetat E4  $ARG4 $sp
   WAITEVT $EVT
return

# deploie en sequence 4 etat sur E4 E3 E2 E1
SUBROUTINE DEP4B
   setetat E4  $ARG1 $sp
   WAITEVT $EVT
   setetat E3  $ARG2 $sp
   WAITEVT $EVT
   setetat E2  $ARG3 $sp
   WAITEVT $EVT
   setetat E1  $ARG4 $sp
   WAITEVT $EVT
return






# recupere l'etat des pilotes virtuels
SUBROUTINE getVirtualParameters

SET ColBaseR := getAttribForPilote( 'red' , 'V1' )
SET ColBaseG := getAttribForPilote( 'green' , 'V1' )
SET ColBaseB := getAttribForPilote( 'blue' , 'V1' )
SET ColBaseA := getAttribForPilote( 'amber' , 'V1' )
SET DimBase := getAttribForPilote( 'dimmer' , 'V1' )
SET etatV1="dimmer=$DimBase,red=$ColBaseR,green=$ColBaseG,blue=$ColBaseB,amber=$ColBaseA"

# le strobe parametre un delai  (utile ou pas?)
SET stb:=getAttribForPilote( 'strobe' , 'V1' )


SET delai=0
IF $stb&gt;0
  #SET delai := ceil( $stb*$stb/20 )
  SET delai :=  ceil( $stb * $@BPMperiode / 100)
ENDIF
SET sp="0:$delai"
call @Affiche "periode=$@BPMperiode  stb=$stb   =&gt; delai=$delai"

SET ColBaseR := getAttribForPilote( 'red' , 'V2' )
SET ColBaseG := getAttribForPilote( 'green' , 'V2' )
SET ColBaseB := getAttribForPilote( 'blue' , 'V2' )
SET ColBaseA := getAttribForPilote( 'amber' , 'V2' )
SET DimBase := getAttribForPilote( 'dimmer' , 'V2' )
SET etatV2="dimmer=$DimBase,red=$ColBaseR,green=$ColBaseG,blue=$ColBaseB,amber=$ColBaseA"
RETURN</source>
    </sequence>
    <sequence nom="ChaseVirt" commentaire="{ PilVirt, delai, sliderparam, pil*}">
      <source># recopie le pilote virtuel  pour N pilotes

GLOBAL PilVirt=$ARG1
GLOBAL delai=$ARG2
GLOBAL sp=$ARG3
GLOBAL NbPilotes:= ($ARGC - 3)

GLOBAL ColBaseR := getAttribForPilote( 'red' , '$PilVirt' )
GLOBAL ColBaseG := getAttribForPilote( 'green' , '$PilVirt' )
GLOBAL ColBaseB := getAttribForPilote( 'blue' , '$PilVirt' )
GLOBAL DimBase := getAttribForPilote( 'dimmer' , '$PilVirt' )

   for i=1 to $NbPilotes

	set idxpar := $i+3
	set pil::='\$ARG$idxpar'
	
	set myetat="dimmer=$DimBase,red=$ColBaseR,green=$ColBaseG,blue=$ColBaseB"

        setetat $pil $myetat $sp
        pause $delai

   next i
RETURN</source>
    </sequence>
    <sequence nom="ChaseVirt2" commentaire="{ PilVirt,  pil*}">
      <source># recopie le pilote virtuel  pour N pilotes

# gestion auto du delai et sliderparams 
# en fonction de l'attribut strobe du pilote virtuel

GLOBAL PilVirt=$ARG1

SET stb:=getAttribForPilote( 'strobe' , '$PilVirt' )
GLOBAL delai=0
IF $stb&gt;0
  SET delai := ceil( $stb*$stb/20 )
ENDIF

#call @Affiche "delai=$delai"
GLOBAL sp="0:$delai"
GLOBAL NbPilotes:= ($ARGC - 1)

GLOBAL ColBaseR := getAttribForPilote( 'red' , '$PilVirt' )
GLOBAL ColBaseG := getAttribForPilote( 'green' , '$PilVirt' )
GLOBAL ColBaseB := getAttribForPilote( 'blue' , '$PilVirt' )
GLOBAL ColBaseA := getAttribForPilote( 'amber' , '$PilVirt' )
GLOBAL DimBase := getAttribForPilote( 'dimmer' , '$PilVirt' )

   for i=1 to $NbPilotes

	set idxpar := $i+1
	set pil::='\$ARG$idxpar'
	
	set myetat="dimmer=$DimBase,red=$ColBaseR,green=$ColBaseG,blue=$ColBaseB,amber=$ColBaseA"

        setetat $pil $myetat $sp
        pause $delai

   next i
RETURN</source>
    </sequence>
    <sequence nom="Multi" commentaire="">
      <source># enchaine les verts

# un parametre : l'evt qui sequence
GLOBAL EVT=$ARG1




LOOP
   
   recallmem VERT01
      WAITEVT $EVT
   recallmem VERT02
      WAITEVT $EVT
   recallmem VERT03
      WAITEVT $EVT
   recallmem VERT04
      WAITEVT $EVT


UNTIL 1&lt;0


RETURN</source>
    </sequence>
    <sequence nom="deployColor" commentaire="déploie une couleur sur tous les pilotes (param=color+slider)">
      <source># parametre : couleur a déployer et eventuel sliderParams

setcolor euro0 $ARG1    $ARG2
setcolor euro1 $ARG1    $ARG2
setcolor euro2 $ARG1    $ARG2
setcolor euro3 $ARG1    $ARG2


return</source>
    </sequence>
    <sequence nom="deployvirt" commentaire="{ PilVirt, sliderparam, pil*}">
      <source># recopie le pilote virtuel
# pour N pilotes et boucle


GLOBAL PilVirt=$ARG1
GLOBAL delai=$ARG2
GLOBAL NbPilotes:= ($ARGC - 2)

GLOBAL ColBase := getAttribForPilote( 'color' , '$PilVirt' )
GLOBAL DimBase := getAttribForPilote( 'dimmer' , '$PilVirt' )

HANDLE COLORCHANGED FOR $PilVirt CALL HandleColor
HANDLE DIMMERCHANGED FOR $PilVirt CALL HandleDimmer

CALL Deploy

LOOP

   pause 9000

UNTIL 0
RETURN

SUBROUTINE Deploy
   for i=1 to $NbPilotes
	set idxpar := $i+2
	set pil::='\$ARG$idxpar'
	
	setattrib  $pil dimmer $DimBase
	setcolor  $pil $ColBase "0:$delai"
   next i
RETURN


SUBROUTINE HandleColor
	SET ColBase := getAttribForPilote( 'color' , '$PilVirt' )
	#Call @Affiche "change colbaz vers $ColBase" 
	Call Deploy
RETURN



SUBROUTINE HandleDimmer
	SET DimBase := getAttribForPilote( 'dimmer' , '$PilVirt' )
	#Call @Affiche "change dimmer vers $DimBase" 
	Call Deploy
RETURN</source>
    </sequence>
    <sequence nom="glissando" commentaire="{ PilVirt,  pil*}">
      <source># distribution cadencée 
# de couleurs aleatoires 
# centrées sur une couleur de base
# pour N pilotes
# Modele de couleur et dimmer pris sur un pilote virtuel

GLOBAL PilVirt=$ARG1
GLOBAL NbPilotes:= ($ARGC - 1)

GLOBAL ColBase := getAttribForPilote( 'color' , '$PilVirt' )
GLOBAL dim := getAttribForPilote( 'dimmer' , '$PilVirt' )

# Periode du BPM
GLOBAL Periode1 = $@BPMperiode
Call @Affiche "periodeBPM=$Periode1"

Global PeriodeN := $Periode1*$NbPilotes


# Mise en place des Handler
HANDLE COLORCHANGED FOR $PilVirt CALL HandleColor
HANDLE DIMMERCHANGED FOR $PilVirt CALL HandleDimmer

# Reservation des Numero de process des @CycleAttrib
#   for i=1 to $NbPilotes
#	set idxpar := $i+1
#	set varnam::='Procid_$i'
#	set $varnam=$i
#   next i


Call Deploy

LOOP
   pause 1000
UNTIL 0
RETURN

SUBROUTINE Deploy
   for i=1 to $NbPilotes
	set idxpar := $i+1
	set pil::='\$ARG$idxpar'
	submit @CycleAttrib  $pil dimmer 0  $dim $PeriodeN
	waitevt BPM1
   next i

RETURN


SUBROUTINE HandleColor
	submit ColorChanger
RETURN



SUBROUTINE HandleDimmer
	submit DimmerChanger
RETURN

SUBROUTINE ColorChanger
	SET ColBase := getAttribForPilote( 'color' , '$PilVirt' )
	Call @Affiche "change colbaz vers $ColBase" 
   for i=1 to $NbPilotes
	set idxpar := $i+1
	set pil::='\$ARG$idxpar'
	setcolor  $pil $ColBase
	waitevt BPM1
   next i
	Call @Affiche "couleur deployee" 
RETURN

SUBROUTINE DimmerChanger
	SET dim := getAttribForPilote( 'dimmer' , '$PilVirt' )
	Call @Affiche "change dimmer vers $dim " 

   for i=1 to $NbPilotes
	set idxpar := $i+1
	set pil::='\$ARG$idxpar'
	submit @CycleAttrib  $pil dimmer 0  $dim $PeriodeN
	waitevt BPM1
   next i
	Call @Affiche "dimmer deploye" 
RETURN</source>
    </sequence>
    <sequence nom="multiColorAleat" commentaire="{ PilVirt, BPMx, dispersion, increment, pil*}">
      <source># distribution cadencée 
# de couleurs aleatoires 
# centrées sur une couleur de base
# pour N pilotes
# Modele de couleur et dimmer pris sur un pilote virtuel

GLOBAL PilVirt=$ARG1
GLOBAL Event=$ARG2
GLOBAL Dispersion=$ARG3
GLOBAL Increment=$ARG4
GLOBAL NbPilotes:= ($ARGC - 4)

GLOBAL ColBase := getAttribForPilote( 'color' , '$PilVirt' )

HANDLE COLORCHANGED FOR $PilVirt CALL HandleColor
HANDLE DIMMERCHANGED FOR $PilVirt CALL HandleDimmer

LOOP

   for i=1 to $NbPilotes
	set idxpar := $i+4
	set pil::='\$ARG$idxpar'
	set angle := rint( $Dispersion * random() * 2 - $Dispersion)
	set coltmp:= colorDecale( '$ColBase' , $angle )

	#Call @Affiche "Distribution de $coltmp sur $pil"  
	setcolor $pil $coltmp
   next i

   if ( $Increment != 0)
	set ColBase:= colorDecale( '$ColBase' , $Increment )
   endif

   waitevt $Event

UNTIL 0
RETURN




SUBROUTINE HandleColor
	SET ColBase := getAttribForPilote( 'color' , '$PilVirt' )
	#Call @Affiche "change colbaz vers $ColBase" 
RETURN



SUBROUTINE HandleDimmer
	SET dim := getAttribForPilote( 'dimmer' , '$PilVirt' )
	#Call @Affiche "change dimmer vers $dim" 

   for i=1 to $NbPilotes
	set idxpar := $i+4
	set pil::='\$ARG$idxpar'
	setattrib  $pil dimmer $dim
   next i
RETURN</source>
    </sequence>
    <sequence nom="multicolore" commentaire="multicolore {couleur, delta }">
      <source># source

SET couleur=$ARG1
SET event=$ARG2
SET delta=$ARG3
LOOP

   for i=1 to 4
      Call colshuf $couleur     42  
      waitevt $event
   next i

   set couleur:= colorDecale( '$couleur' , $delta )

UNTIL 0</source>
    </sequence>
    <sequence nom="puls1" commentaire="pulsation sur un pilote [ evt, pilote, pilvirt]">
      <source># Pulsation sur pilote passé en ARG
# couleur unique basee sur pilote virtuel

global Evt=$ARG1
global PilPul=$ARG2
global PilVirt=$ARG3
global Couleur:=getAttribForPilote( 'color' , '$PilVirt' )

HANDLE COLORCHANGED FOR $PilVirt CALL HandleColor

# initialisation couleur 
setcolor $PilPul $Couleur


LOOP

   setattrib $PilPul dimmer 255
   pause 40	
   setattrib $PilPul dimmer 160
   pause 40	
   setattrib $PilPul dimmer 80
   pause 40	
   setattrib $PilPul dimmer 0


   waitevt $Evt


UNTIL 0
RETURN



SUBROUTINE HandleColor
   SET Couleur := getAttribForPilote( 'color' , '$PilVirt' )
   setcolor $PilPul $Couleur

RETURN</source>
    </sequence>
    <sequence nom="roundcolor" commentaire="fait tourner la couleur">
      <source># param : un pilote
set PIL=$ARG1
set Kolor=RGBFF0000

FOR angle=0 to 359
   set colo:=ColorDecale($Kolor, $angle)
   setAttrib $PIL $colo $angle
   pause 1
next angle</source>
    </sequence>
    <sequence nom="seqBPM" commentaire="xxx">
      <source># source
return</source>
    </sequence>
    <sequence nom="shifteurBPM" commentaire="décalage { evt, pilotes *}">
      <source># enchaine des decalages en rythmes 

# - evenement cadenceur
# - liste des pilotes à décaler

GLOBAL Event=$ARG1
GLOBAL Imax=$ARGC


LOOP

   waitevt $Event

   # phase 1 : empile les etats sur arg 2 à N
   FOR I=2 TO  $Imax
	set NomPilote::='\$ARG$I'
	pushetat $NomPilote
   NEXT I
   
   # on depile sur le premier pilote	
  	set PILOTE=$ARG2
  	popetat $PILOTE

 	set I  = $Imax   
   # puis sur les autres a l'envers
   LOOP
	set NomPilote::='\$ARG$I'
	popetat $NomPilote
  	set I := $I-1
   UNTIL $I==2

UNTIL 0
RETURN</source>
    </sequence>
    <sequence nom="vumetre" commentaire="vumetre {evt, mode, color, pil*}">
      <source># vumetre calé sur evt
# couleur unique basse sur pilote virtuel
# mode : MONODIR ou BIDIR

global Evt=$ARG1
global Mode=$ARG2
global PilVirt=$ARG3
global Couleur:=getAttribForPilote( 'color' , '$PilVirt' )

# index min et max des arguments pilotes
global imin=4
global imax=$ARGC

HANDLE COLORCHANGED FOR $PilVirt CALL HandleColor

# initialisation couleur et dimmer
for i=$imin to $imax
   set pil::='\$ARG$i'
   setcolor $pil $Couleur
   setattrib $pil dimmer 0
next i


set POZ=1

LOOP

   # montee de l'affichage
   for i=$imin to $imax
	set pil::='\$ARG$i'
	setattrib $pil dimmer 255
	pause $POZ
   next i
	
   # descente de l'affichage
   for i=$imax to $imin step -1
	set pil::='\$ARG$i'
	setattrib $pil dimmer 0
	pause $POZ
   next i

   waitevt $Evt

   if ('$Mode' == 'BIDIR')


   # montée de l'affichage a l'envers
   for i=$imax to $imin step -1
	set pil::='\$ARG$i'
	setattrib $pil dimmer 255
	pause $POZ
   next i
	
   # descente de l'affichage à l'envers
   for i=$imin to $imax
	set pil::='\$ARG$i'
	setattrib $pil dimmer 0
	pause $POZ
   next i


   waitevt $Evt
   endif

UNTIL 0
RETURN



SUBROUTINE HandleColor
   SET Couleur := getAttribForPilote( 'color' , '$PilVirt' )
   # dispatch couleur
   for i=$imin to $imax
	set pil::='\$ARG$i'
	setcolor $pil $Couleur
   next i
   	
RETURN</source>
    </sequence>
  </sequences>
  <onglets>
    <onglet ongid="0" ongname="0" onglib="Base">
      <executor touche="A" label="PleinFeu_1" fugitif="true" cmd="RecallMem M00_Plein1" exclusif="false" nondestructif="false" successeur="" />
      <executor touche="E" label="PlayClip0" fugitif="false" cmd="call @PlayClip  P2  PLAY  TstJalons2" exclusif="false" nondestructif="false" successeur="" />
      <executor touche="R" label="Start0" fugitif="false" cmd="call @PlayClip  P0  START  VingtSecondes" exclusif="false" nondestructif="false" successeur="" />
      <executor touche="Y" label="PlaySound1" fugitif="false" cmd="call @PlaySound01  P1  PLAY  VingtSecondes" exclusif="false" nondestructif="false" successeur="" />
      <executor touche="I" label="PlayClip2" fugitif="false" cmd="call @PlayClip  P2  PLAY  TstJalons2" exclusif="false" nondestructif="false" successeur="" />
      <executor touche="P" label="Noir Complet" fugitif="true" cmd="RecallMem M00_Noir" exclusif="false" nondestructif="false" successeur="" />
      <executor touche="D" label="Pause0" fugitif="false" cmd="call @PlayClip  P0  PAUSE  xxxx" exclusif="false" nondestructif="false" successeur="" />
      <executor touche="M" label="M00_RAZlyre" fugitif="true" cmd="RecallMem M00_RAZlyre" exclusif="false" nondestructif="false" successeur="" />
      <executor touche="W" label="M00_MEP" fugitif="true" cmd="RecallMem M00_MEP" exclusif="false" nondestructif="false" successeur="" />
      <executor touche="C" label="Resume0" fugitif="false" cmd="call @PlayClip  P0  RESUME  xxxxx" exclusif="false" nondestructif="false" successeur="" />
      <executor touche="V" label="Multi" fugitif="false" cmd="Call Multi BPM16" exclusif="false" nondestructif="false" successeur="" />
      <executor touche="N" label="BLEU_NUIT_1" fugitif="true" cmd="RecallMem BLEU_NUIT_1" exclusif="false" nondestructif="false" successeur="" />
      <executor touche="!" label="CheckInterne" fugitif="false" cmd="Call CheckInterne Y1 Y2" exclusif="false" nondestructif="false" successeur="" />
    </onglet>
  </onglets>
  <medias chemin="./snd">
    <media nom="M15" filename="quinze.wav" />
    <media nom="M30" filename="trentemin.wav" />
    <media nom="M45" filename="M45.wav" />
    <media nom="M60" filename="heure.wav">
      <jalon heure="00:05:01.000" recallmem="S1" />
      <jalon heure="00:05:02.001" recallmem="S2" />
      <jalon heure="00:05:03.002" recallmem="S3" />
      <jalon heure="00:05:04.003" recallmem="S4" />
      <jalon heure="00:05:05.000" recallmem="S5" />
      <jalon heure="00:05:06.000" recallmem="S6" />
    </media>
    <media nom="Ping2" filename="ping2.wav" comment="ping stereo" />
    <media nom="TroisMinutes" filename="troisminutes.wav" />
    <media nom="TstJalons1" filename="uneminute.wav" bpm="108.0" comment="Pour tester les jalons">
      <jalon heure="00:00:00.000" bpm="101.1" comment="Modif BPM" />
      <jalon heure="00:00:01.013" recallmem="G105" />
      <jalon heure="00:00:01.510" recallmem="G155" />
      <jalon heure="00:00:02.003" recallmem="G205" />
      <jalon heure="00:00:02.508" recallmem="G255" />
      <jalon heure="00:00:03.001" bpm="103.3" comment="Modif BPM" />
      <jalon heure="00:00:03.005" recallmem="G105" />
      <jalon heure="00:00:03.045" recallmem="G155" />
      <jalon heure="00:00:03.075" recallmem="G205" />
      <jalon heure="00:00:03.105" recallmem="G255" />
      <jalon heure="00:00:03.135" recallmem="G205" />
      <jalon heure="00:00:03.160" recallmem="G155" />
      <jalon heure="00:00:03.180" recallmem="G105" />
      <jalon heure="00:00:05.000" recallmem="G255" />
      <jalon heure="00:00:10.000" recallmem="G105" />
      <jalon heure="00:00:15.000" recallmem="G205" />
      <jalon heure="00:00:20.000" recallmem="G255" />
    </media>
    <media nom="TstJalons3cycle" filename="uneminute.wav">
      <jalon heure="00:00:01.537" cmd="setattrib G1 dimmer 50" />
      <jalon heure="00:00:10.002" cmd="submit @CycleAttrib G3 dimmer 10 230  1000" />
      <jalon heure="00:00:20.005" cmd="call @Kill @ALLSUB" />
      <jalon heure="00:00:21.722" cmd="submit @CycleAttrib G4 dimmer 110 190  500" />
      <jalon heure="00:00:30.073" cmd="call @Kill @ALLSUB" />
    </media>
    <media nom="UneMinute" filename="uneminute.wav" />
    <media nom="VingtSecondes" filename="vingtsecondes.wav" />
    <media nom="TstJalons2" filename="uneminute.wav" bpm="108.2" comment="Pour tester les jalons">
      <jalon heure="00:00:00.000" recallmem="S1" />
      <jalon heure="00:00:00.163" bpm="112.4" />
      <jalon heure="00:00:01.000" recallmem="S2" />
      <jalon heure="00:00:02.000" recallmem="S3" />
      <jalon heure="00:00:03.000" recallmem="S4" />
      <jalon heure="00:00:04.000" recallmem="S5" />
      <jalon heure="00:00:05.000" recallmem="S6" />
      <jalon heure="00:00:06.000" recallmem="S5" />
      <jalon heure="00:00:07.000" recallmem="S4" />
      <jalon heure="00:00:08.000" recallmem="S3" />
      <jalon heure="00:00:09.000" recallmem="S2" />
      <jalon heure="00:00:10.000" recallmem="S1" />
      <jalon heure="00:00:21.000" recallmem="S2" />
      <jalon heure="00:00:22.000" recallmem="S3" />
      <jalon heure="00:00:23.000" recallmem="S4" />
      <jalon heure="00:00:24.000" recallmem="S5" />
      <jalon heure="00:00:25.000" recallmem="S6" />
      <jalon heure="00:00:26.000" recallmem="S5" />
      <jalon heure="00:00:27.000" recallmem="S4" />
      <jalon heure="00:00:28.000" recallmem="S3" />
      <jalon heure="00:00:29.000" recallmem="S2" />
      <jalon heure="00:00:30.000" recallmem="S1" />
    </media>
  </medias>
</izliteconfiguration>
